pointer,OQ818340,OQ818347,OQ818348,HM002617,KX759623,OP963671
3212,85.86956522,68.47826087,56.12244898,50,79.34782609,3.260869565
3213,85.86956522,69.56521739,56.12244898,50,79.34782609,3.260869565
3214,85.86956522,69.56521739,56.12244898,50,79.34782609,4.347826087
3215,85.86956522,69.56521739,56.12244898,48.93617021,79.34782609,5.434782609
3216,86.95652174,70.65217391,56.12244898,48.93617021,80.43478261,6.52173913
3217,86.95652174,70.65217391,56.12244898,48.93617021,79.34782609,7.608695652
3218,85.86956522,69.56521739,55.10204082,47.87234043,78.26086957,7.608695652
3219,84.7826087,69.56521739,56.12244898,47.87234043,79.34782609,7.608695652
3220,83.69565217,69.56521739,56.12244898,47.87234043,78.26086957,7.608695652
3221,83.69565217,70.65217391,57.14285714,47.87234043,78.26086957,7.608695652
3222,83.69565217,70.65217391,57.14285714,47.87234043,78.26086957,7.608695652
3223,83.69565217,69.56521739,57.14285714,46.80851064,77.17391304,7.608695652
3224,83.69565217,69.56521739,57.14285714,46.80851064,77.17391304,7.608695652
3225,83.69565217,70.65217391,57.14285714,46.80851064,78.26086957,7.608695652
3226,82.60869565,69.56521739,56.12244898,46.80851064,77.17391304,7.608695652
3227,82.60869565,68.47826087,55.10204082,46.80851064,77.17391304,7.608695652
3228,83.69565217,69.56521739,55.10204082,47.87234043,77.17391304,7.608695652
3229,82.60869565,69.56521739,56.12244898,47.87234043,78.26086957,7.608695652
3230,81.52173913,69.56521739,56.12244898,47.87234043,78.26086957,7.608695652
3231,82.60869565,69.56521739,56.12244898,46.80851064,78.26086957,7.608695652
3232,81.52173913,69.56521739,55.10204082,46.80851064,77.17391304,7.608695652
3233,81.52173913,69.56521739,54.08163265,46.80851064,77.17391304,7.608695652
3234,81.52173913,69.56521739,54.08163265,46.80851064,77.17391304,7.608695652
3235,81.52173913,70.65217391,54.08163265,46.80851064,78.26086957,7.608695652
3236,81.52173913,69.56521739,53.06122449,46.80851064,78.26086957,7.608695652
3237,82.60869565,69.56521739,53.06122449,45.74468085,79.34782609,7.608695652
3238,81.52173913,68.47826087,53.06122449,44.68085106,79.34782609,7.608695652
3239,81.52173913,67.39130435,52.04081633,44.68085106,78.26086957,7.608695652
3240,81.52173913,66.30434783,51.02040816,44.68085106,78.26086957,7.608695652
3241,80.43478261,65.2173913,50,43.61702128,77.17391304,7.608695652
3242,80.43478261,64.13043478,48.97959184,43.61702128,77.17391304,7.608695652
3243,80.43478261,65.2173913,48.97959184,43.61702128,78.26086957,7.608695652
3244,80.43478261,64.13043478,48.97959184,43.61702128,78.26086957,7.608695652
3245,80.43478261,63.04347826,48.97959184,43.61702128,78.26086957,7.608695652
3246,80.43478261,63.04347826,48.97959184,42.55319149,78.26086957,7.608695652
3247,79.34782609,63.04347826,47.95918367,41.4893617,77.17391304,7.608695652
3248,79.34782609,63.04347826,46.93877551,40.42553191,76.08695652,7.608695652
3249,79.34782609,63.04347826,45.91836735,40.42553191,76.08695652,7.608695652
3250,79.34782609,61.95652174,44.89795918,40.42553191,75,7.608695652
3251,79.34782609,61.95652174,44.89795918,41.4893617,75,7.608695652
3252,79.34782609,63.04347826,44.89795918,42.55319149,75,7.608695652
3253,79.34782609,63.04347826,45.91836735,42.55319149,75,7.608695652
3254,79.34782609,63.04347826,46.93877551,42.55319149,75,7.608695652
3255,79.34782609,64.13043478,46.93877551,41.4893617,76.08695652,7.608695652
3256,78.26086957,65.2173913,47.95918367,41.4893617,76.08695652,7.608695652
3257,78.26086957,66.30434783,48.97959184,42.55319149,77.17391304,7.608695652
3258,78.26086957,66.30434783,48.97959184,43.61702128,77.17391304,7.608695652
3259,78.26086957,65.2173913,48.97959184,43.61702128,76.08695652,7.608695652
3260,79.34782609,65.2173913,47.95918367,43.61702128,76.08695652,7.608695652
3261,79.34782609,65.2173913,48.97959184,43.61702128,76.08695652,7.608695652
3262,79.34782609,65.2173913,48.97959184,42.55319149,75,6.52173913
3263,79.34782609,64.13043478,48.97959184,41.4893617,75,5.434782609
3264,79.34782609,64.13043478,50,41.4893617,75,4.347826087
3265,78.26086957,64.13043478,50,40.42553191,75,4.347826087
3266,78.26086957,64.13043478,50,41.4893617,73.91304348,4.347826087
3267,79.34782609,64.13043478,50,41.4893617,75,4.347826087
3268,78.26086957,63.04347826,48.97959184,40.42553191,73.91304348,4.347826087
3269,78.26086957,61.95652174,47.95918367,39.36170213,72.82608696,4.347826087
3270,78.26086957,61.95652174,46.93877551,39.36170213,72.82608696,4.347826087
3271,77.17391304,60.86956522,46.93877551,38.29787234,72.82608696,4.347826087
3272,77.17391304,59.7826087,45.91836735,37.23404255,71.73913043,4.347826087
3273,77.17391304,59.7826087,45.91836735,38.29787234,70.65217391,4.347826087
3274,76.08695652,58.69565217,44.89795918,37.23404255,69.56521739,4.347826087
3275,76.08695652,59.7826087,44.89795918,38.29787234,70.65217391,4.347826087
3276,77.17391304,60.86956522,44.89795918,38.29787234,71.73913043,4.347826087
3277,77.17391304,59.7826087,45.91836735,38.29787234,70.65217391,4.347826087
3278,77.17391304,59.7826087,46.93877551,39.36170213,71.73913043,4.347826087
3279,77.17391304,60.86956522,47.95918367,40.42553191,71.73913043,4.347826087
3280,77.17391304,59.7826087,46.93877551,40.42553191,70.65217391,4.347826087
3281,76.08695652,58.69565217,46.93877551,40.42553191,70.65217391,4.347826087
3282,77.17391304,58.69565217,46.93877551,41.4893617,71.73913043,4.347826087
3283,77.17391304,58.69565217,46.93877551,40.42553191,71.73913043,4.347826087
3284,77.17391304,58.69565217,46.93877551,39.36170213,71.73913043,4.347826087
3285,77.17391304,59.7826087,47.95918367,40.42553191,71.73913043,4.347826087
3286,76.08695652,60.86956522,47.95918367,39.36170213,70.65217391,4.347826087
3287,75,59.7826087,46.93877551,40.42553191,70.65217391,4.347826087
3288,73.91304348,59.7826087,47.95918367,40.42553191,69.56521739,4.347826087
3289,73.91304348,59.7826087,46.93877551,39.36170213,69.56521739,4.347826087
3290,72.82608696,58.69565217,46.93877551,38.29787234,68.47826087,4.347826087
3291,72.82608696,57.60869565,45.91836735,38.29787234,68.47826087,4.347826087
3292,72.82608696,57.60869565,44.89795918,37.23404255,68.47826087,4.347826087
3293,72.82608696,57.60869565,44.89795918,38.29787234,67.39130435,4.347826087
3294,73.91304348,58.69565217,45.91836735,38.29787234,67.39130435,4.347826087
3295,72.82608696,57.60869565,44.89795918,39.36170213,67.39130435,4.347826087
3296,72.82608696,56.52173913,43.87755102,38.29787234,66.30434783,4.347826087
3297,72.82608696,56.52173913,44.89795918,39.36170213,66.30434783,4.347826087
3298,72.82608696,56.52173913,44.89795918,39.36170213,66.30434783,4.347826087
3299,72.82608696,57.60869565,45.91836735,39.36170213,65.2173913,4.347826087
3300,72.82608696,58.69565217,45.91836735,40.42553191,66.30434783,4.347826087
3301,72.04301075,59.13978495,45.45454545,40.42553191,65.59139785,4.301075269
3302,72.34042553,59.57446809,45,41.4893617,65.95744681,4.255319149
3303,72.34042553,60.63829787,44,41.4893617,65.95744681,4.255319149
3304,71.27659574,59.57446809,43,40.42553191,64.89361702,4.255319149
3305,72.34042553,60.63829787,44,41.4893617,65.95744681,4.255319149
3306,72.34042553,60.63829787,44,41.4893617,65.95744681,4.255319149
3307,72.63157895,61.05263158,45,42.10526316,66.31578947,4.210526316
3308,71.875,60.41666667,45,41.66666667,65.625,4.166666667
3309,72.16494845,60.82474227,45,41.2371134,65.97938144,4.12371134
3310,71.42857143,61.2244898,45,40.81632653,65.30612245,4.081632653
3311,71.71717172,61.61616162,45,41.41414141,65.65656566,4.04040404
3312,72,62,45,42,66,4
3313,71,61,44,42,66,4
3314,70,60,43,41,66,3
3315,70,60,42,42,66,2
3316,69,59,41,42,66,1
3317,69,58,41,41,66,0
3318,70,59,41,42,67,0
3319,70,60,40,41,66,0
3320,70,61,40,40,66,0
3321,70,61,40,41,66,0
3322,69,60,40,41,66,0
3323,69,61,40,41,66,0
3324,69,61,40,42,66,0
3325,68,60,39,42,66,0
3326,69,60,39,41,67,0
3327,69,60,40,40,67,0
3328,69,59,40,39,67,0
3329,70,58,39,38,66,0
3330,71,58,39,37,66,0
3331,70,58,39,38,66,0
3332,71,58,40,39,67,0
3333,71,58,41,39,67,0
3334,71,58,41,39,67,0
3335,72,57,41,39,67,0
3336,72,58,42,39,67,0
3337,72,58,42,40,67,0
3338,73,58,41,40,66,0
3339,73,58,41,40,67,0
3340,72,59,42,41,66,0
3341,73,60,42,42,67,0
3342,73,61,42,42,67,0
3343,72,60,42,42,66,0
3344,71,60,41,42,65,0
3345,71,61,41,43,65,0
3346,71,60,40,43,64,0
3347,72,60,41,44,64,0
3348,72,59,41,45,65,0
3349,72,58,41,45,64,0
3350,71,58,41,45,64,0
3351,71,57,40,44,64,0
3352,71,56,39,43,63,0
3353,70,56,39,42,63,0
3354,69.6969697,55,38.38383838,42,62.62626263,0
3355,69.3877551,54,37.75510204,42,62.24489796,0
3356,70.10309278,53,37.11340206,42,61.8556701,0
3357,69.79166667,52,36.45833333,41.41414141,61.45833333,0
3358,69.47368421,51,35.78947368,40.81632653,61.05263158,0
3359,70.52631579,51,36.84210526,41.83673469,62.10526316,0
3360,69.47368421,50,37.89473684,42.85714286,62.10526316,0
3361,69.47368421,50,37.89473684,43.87755102,61.05263158,1.052631579
3362,69.47368421,50,38.94736842,44.89795918,61.05263158,2.105263158
3363,68.42105263,50,37.89473684,44.89795918,60,2.105263158
3364,67.36842105,49,36.84210526,43.87755102,58.94736842,2.105263158
3365,68.08510638,48.48484848,36.84210526,43.87755102,58.5106383,2.127659574
3366,67.74193548,47.95918367,36.84210526,42.85714286,59.13978495,2.150537634
3367,67.74193548,47.95918367,37.89473684,43.87755102,59.13978495,2.150537634
3368,67.74193548,47.95918367,37.89473684,43.87755102,59.13978495,2.150537634
3369,66.66666667,47.95918367,37.89473684,43.87755102,60.21505376,2.150537634
3370,66.66666667,47.95918367,38.94736842,44.89795918,61.29032258,2.150537634
3371,67.74193548,48.97959184,38.94736842,45.91836735,60.21505376,2.150537634
3372,67.74193548,48.97959184,38.94736842,46.93877551,61.29032258,2.150537634
3373,67.74193548,48.97959184,38.94736842,46.93877551,62.3655914,2.150537634
3374,67.74193548,50,40,47.95918367,62.3655914,2.150537634
3375,66.66666667,48.97959184,38.94736842,46.93877551,61.29032258,2.150537634
3376,66.66666667,47.95918367,37.89473684,46.93877551,61.29032258,2.150537634
3377,65.59139785,47.95918367,36.84210526,45.91836735,61.29032258,2.150537634
3378,65.59139785,48.97959184,36.84210526,44.89795918,61.29032258,2.150537634
3379,65.59139785,47.95918367,36.84210526,43.87755102,61.29032258,2.150537634
3380,65.59139785,47.95918367,37.89473684,43.87755102,62.3655914,2.150537634
3381,66.66666667,47.95918367,38.94736842,44.89795918,62.3655914,2.150537634
3382,66.66666667,46.93877551,38.94736842,44.89795918,62.3655914,2.150537634
3383,65.59139785,45.91836735,37.89473684,44.89795918,61.29032258,2.150537634
3384,65.59139785,45.91836735,37.89473684,45.91836735,61.29032258,2.150537634
3385,65.59139785,45.91836735,37.89473684,45.91836735,61.29032258,2.150537634
3386,66.66666667,45.91836735,37.89473684,45.91836735,62.3655914,2.150537634
3387,67.74193548,46.93877551,38.94736842,45.91836735,62.3655914,2.150537634
3388,68.8172043,47.95918367,38.94736842,46.93877551,63.44086022,2.150537634
3389,67.74193548,47.95918367,38.94736842,46.93877551,63.44086022,2.150537634
3390,68.8172043,48.97959184,40,47.95918367,64.51612903,2.150537634
3391,68.8172043,50,41.05263158,47.95918367,64.51612903,2.150537634
3392,68.8172043,50,41.05263158,47.95918367,63.44086022,2.150537634
3393,68.8172043,51.02040816,42.10526316,47.95918367,64.51612903,2.150537634
3394,68.8172043,51.02040816,41.05263158,48.97959184,65.59139785,2.150537634
3395,69.89247312,51.02040816,41.05263158,47.95918367,64.51612903,2.150537634
3396,69.89247312,52.04081633,42.10526316,48.97959184,65.59139785,2.150537634
3397,69.89247312,52.04081633,42.10526316,48.97959184,65.59139785,2.150537634
3398,69.89247312,51.02040816,43.15789474,50,65.59139785,2.150537634
3399,70.96774194,50,42.10526316,50,65.59139785,2.150537634
3400,70.96774194,48.97959184,42.10526316,50,64.51612903,2.150537634
3401,70.96774194,48.97959184,42.10526316,50,64.51612903,2.150537634
3402,70.96774194,48.97959184,43.15789474,50,64.51612903,2.150537634
3403,70.96774194,48.97959184,44.21052632,51.02040816,64.51612903,2.150537634
3404,70.96774194,50,44.21052632,51.02040816,64.51612903,2.150537634
3405,70.96774194,50,44.21052632,51.02040816,64.51612903,2.150537634
3406,70.96774194,50,44.21052632,52.04081633,64.51612903,2.150537634
3407,69.89247312,48.97959184,44.21052632,52.04081633,63.44086022,2.150537634
3408,70.96774194,50,45.26315789,53.06122449,64.51612903,2.150537634
3409,70.96774194,50,46.31578947,54.08163265,64.51612903,2.150537634
3410,70.96774194,48.97959184,46.31578947,54.08163265,64.51612903,2.150537634
3411,70.65217391,47.95918367,46.31578947,53.06122449,64.13043478,2.173913043
3412,70.32967033,46.93877551,46.80851064,52.04081633,63.73626374,2.197802198
3413,71.11111111,46.93877551,47.31182796,51.02040816,63.33333333,2.222222222
3414,71.91011236,46.93877551,47.82608696,51.02040816,62.92134831,2.247191011
3415,71.59090909,45.91836735,48.35164835,50,62.5,2.272727273
3416,72.4137931,45.91836735,48.35164835,50,62.06896552,2.298850575
3417,72.4137931,46.93877551,47.25274725,51.02040816,63.2183908,2.298850575
3418,72.4137931,45.91836735,47.25274725,50,63.2183908,2.298850575
3419,72.4137931,45.91836735,47.25274725,51.02040816,63.2183908,2.298850575
3420,73.56321839,44.89795918,47.25274725,51.02040816,64.36781609,2.298850575
3421,73.56321839,43.87755102,46.15384615,50,64.36781609,2.298850575
3422,73.56321839,44.89795918,46.15384615,48.97959184,63.2183908,2.298850575
3423,73.56321839,44.89795918,46.15384615,50,64.36781609,2.298850575
3424,73.56321839,44.89795918,46.15384615,50,64.36781609,2.298850575
3425,73.56321839,45.91836735,47.25274725,51.02040816,64.36781609,2.298850575
3426,73.25581395,46.39175258,47.25274725,51.02040816,63.95348837,2.325581395
3427,73.25581395,47.42268041,47.25274725,52.04081633,63.95348837,3.488372093
3428,73.25581395,48.45360825,48.35164835,52.04081633,63.95348837,3.488372093
3429,72.09302326,48.45360825,48.35164835,52.04081633,65.11627907,4.651162791
3430,70.93023256,48.45360825,48.35164835,52.04081633,63.95348837,5.813953488
3431,72.09302326,49.48453608,49.45054945,52.04081633,65.11627907,6.976744186
3432,70.93023256,49.48453608,48.35164835,52.04081633,63.95348837,6.976744186
3433,70.93023256,48.45360825,47.25274725,51.02040816,63.95348837,6.976744186
3434,70.93023256,48.45360825,47.25274725,52.04081633,63.95348837,8.139534884
3435,69.76744186,48.45360825,48.35164835,52.04081633,62.79069767,9.302325581
3436,69.41176471,47.91666667,47.77777778,51.02040816,62.35294118,9.302325581
3437,69.04761905,48.42105263,48.31460674,50,61.9047619,9.411764706
3438,68.6746988,48.93617021,48.86363636,50,62.65060241,9.523809524
3439,68.29268293,49.46236559,49.42528736,48.97959184,62.19512195,9.638554217
3440,69.13580247,48.91304348,48.8372093,47.95918367,62.96296296,9.756097561
3441,68.75,48.35164835,49.41176471,46.93877551,62.5,9.87654321
3442,68.35443038,47.77777778,50,45.91836735,62.02531646,10
3443,69.23076923,48.31460674,49.39759036,44.89795918,62.82051282,10.12658228
3444,70.12987013,48.86363636,50,43.87755102,63.63636364,10.25641026
3445,69.73684211,48.27586207,49.38271605,42.85714286,63.15789474,10.38961039
3446,69.33333333,48.8372093,50,42.85714286,64,10.52631579
3447,69.33333333,48.8372093,50,42.85714286,65.33333333,10.52631579
3448,69.33333333,50,51.25,42.85714286,65.33333333,11.84210526
3449,69.33333333,51.1627907,52.5,42.85714286,66.66666667,13.15789474
3450,70.66666667,52.3255814,53.75,43.87755102,68,14.47368421
3451,70.66666667,53.48837209,55,44.89795918,68,14.47368421
3452,70.66666667,54.65116279,56.25,45.91836735,69.33333333,14.47368421
3453,72,54.65116279,56.25,46.93877551,69.33333333,14.47368421
3454,72.36842105,55.81395349,56.79012346,47.95918367,69.73684211,15.58441558
3455,72.72727273,55.81395349,56.09756098,47.95918367,68.83116883,16.66666667
3456,73.07692308,56.97674419,56.62650602,48.97959184,69.23076923,16.4556962
3457,73.41772152,58.13953488,57.14285714,49.49494949,69.62025316,17.5
3458,73.75,59.30232558,57.64705882,50,70,18.51851852
3459,73.75,60.46511628,57.64705882,50,70,19.75308642
3460,75,61.62790698,57.64705882,50,70,20.98765432
3461,73.75,61.62790698,56.47058824,49,71.25,20.98765432
3462,73.75,61.62790698,56.47058824,49,72.5,19.75308642
3463,75,62.79069767,57.64705882,50,73.75,19.75308642
3464,76.25,63.95348837,57.64705882,50,75,20.98765432
3465,76.54320988,64.36781609,58.82352941,51,75.30864198,20.73170732
3466,76.82926829,63.63636364,58.82352941,51,75.6097561,20.48192771
3467,76.82926829,62.5,57.64705882,50,74.3902439,20.48192771
3468,78.04878049,63.63636364,58.82352941,51,75.6097561,20.48192771
3469,79.26829268,64.77272727,58.82352941,52,75.6097561,20.48192771
3470,79.26829268,64.77272727,57.64705882,52,75.6097561,20.48192771
3471,79.26829268,64.77272727,57.64705882,52,76.82926829,20.48192771
3472,79.26829268,65.90909091,58.82352941,52,76.82926829,20.48192771
3473,79.26829268,65.90909091,57.64705882,51,75.6097561,20.48192771
3474,79.26829268,65.90909091,56.47058824,51,75.6097561,20.48192771
3475,80.48780488,67.04545455,57.64705882,52,76.82926829,20.48192771
3476,79.26829268,67.04545455,58.82352941,52,75.6097561,20.48192771
3477,80.48780488,67.04545455,58.82352941,53,76.82926829,20.48192771
3478,80.48780488,65.90909091,58.82352941,53,76.82926829,20.48192771
3479,79.26829268,65.90909091,57.64705882,53,75.6097561,20.48192771
3480,79.26829268,65.90909091,56.47058824,53,75.6097561,20.48192771
3481,79.26829268,67.04545455,56.47058824,53,74.3902439,20.48192771
3482,78.04878049,67.04545455,55.29411765,52,74.3902439,20.48192771
3483,79.26829268,68.18181818,56.47058824,53,75.6097561,20.48192771
3484,79.26829268,68.18181818,56.47058824,53,75.6097561,20.48192771
3485,79.26829268,67.04545455,55.29411765,53,75.6097561,20.48192771
3486,79.26829268,67.04545455,56.47058824,54,75.6097561,20.48192771
3487,79.26829268,67.04545455,56.47058824,54,75.6097561,20.48192771
3488,79.26829268,67.04545455,56.47058824,54,75.6097561,20.48192771
3489,79.26829268,67.04545455,56.47058824,54,75.6097561,20.48192771
3490,79.26829268,67.04545455,55.29411765,54,75.6097561,20.48192771
3491,78.04878049,65.90909091,54.11764706,53,74.3902439,20.48192771
3492,78.04878049,67.04545455,54.11764706,54,75.6097561,20.48192771
3493,78.04878049,67.04545455,52.94117647,53,75.6097561,20.48192771
3494,78.04878049,67.04545455,52.94117647,52,74.3902439,20.48192771
3495,78.04878049,68.18181818,52.94117647,53,75.6097561,20.48192771
3496,78.04878049,68.18181818,52.94117647,53,75.6097561,20.48192771
3497,76.82926829,67.04545455,51.76470588,52,74.3902439,20.48192771
3498,75.6097561,67.04545455,50.58823529,51,73.17073171,20.48192771
3499,75.6097561,68.18181818,51.76470588,52,74.3902439,20.48192771
3500,74.3902439,68.18181818,51.76470588,51,74.3902439,20.48192771
3501,75.6097561,68.18181818,52.94117647,52,75.6097561,20.48192771
3502,75.6097561,68.18181818,52.94117647,51,75.6097561,20.48192771
3503,74.3902439,68.18181818,51.76470588,50,74.3902439,20.48192771
3504,75.6097561,68.18181818,52.94117647,51,75.6097561,20.48192771
3505,75.6097561,67.04545455,51.76470588,51,75.6097561,20.48192771
3506,75.6097561,65.90909091,51.76470588,50,74.3902439,20.48192771
3507,76.82926829,65.90909091,50.58823529,50,74.3902439,20.48192771
3508,76.82926829,64.77272727,49.41176471,49,74.3902439,20.48192771
3509,75.6097561,63.63636364,48.23529412,49,74.3902439,20.48192771
3510,76.82926829,64.77272727,49.41176471,50,75.6097561,20.48192771
3511,77.10843373,65.90909091,50.58823529,51,75.90361446,20.23809524
3512,76.19047619,65.90909091,50,51,75,20
3513,76.47058824,67.04545455,50.57471264,52,75.29411765,19.76744186
3514,76.74418605,68.18181818,51.13636364,53,75.58139535,19.54022989
3515,75.86206897,68.18181818,51.68539326,53,75.86206897,19.31818182
3516,75,68.18181818,52.80898876,53,76.13636364,19.1011236
3517,75,68.18181818,53.93258427,53,76.13636364,19.1011236
3518,73.86363636,68.18181818,53.93258427,54,75,19.1011236
3519,75,68.18181818,55.05617978,53,76.13636364,19.1011236
3520,75,69.31818182,56.17977528,53,76.13636364,19.1011236
3521,75,70.45454545,56.17977528,53,75,19.1011236
3522,76.13636364,69.31818182,56.17977528,53,75,19.1011236
3523,76.13636364,69.31818182,56.17977528,53,75,19.1011236
3524,75,68.18181818,55.05617978,52,73.86363636,19.1011236
3525,76.13636364,67.04545455,55.05617978,51,73.86363636,19.1011236
3526,76.40449438,67.41573034,56.17977528,52,74.15730337,18.88888889
3527,76.40449438,66.29213483,56.17977528,51,73.03370787,17.77777778
3528,76.40449438,66.29213483,55.05617978,52,71.91011236,17.77777778
3529,77.52808989,67.41573034,55.05617978,52,70.78651685,16.66666667
3530,78.65168539,67.41573034,55.05617978,53,71.91011236,15.55555556
3531,78.65168539,67.41573034,53.93258427,53,71.91011236,14.44444444
3532,79.7752809,67.41573034,53.93258427,52,73.03370787,14.44444444
3533,78.65168539,67.41573034,55.05617978,52,71.91011236,14.44444444
3534,78.65168539,67.41573034,56.17977528,51,71.91011236,13.33333333
3535,79.7752809,68.53932584,56.17977528,52,73.03370787,12.22222222
3536,78.88888889,67.77777778,56.66666667,52,73.33333333,12.22222222
3537,79.12087912,68.13186813,57.14285714,53,72.52747253,12.08791209
3538,79.34782609,67.39130435,57.60869565,54,71.73913043,11.95652174
3539,78.49462366,66.66666667,56.98924731,54,70.96774194,11.82795699
3540,78.72340426,67.0212766,56.38297872,54,71.27659574,11.70212766
3541,78.94736842,67.36842105,55.78947368,54,71.57894737,11.57894737
3542,79.16666667,67.70833333,55.20833333,55,70.83333333,11.45833333
3543,79.3814433,68.04123711,55.67010309,56,71.13402062,11.34020619
3544,79.59183673,68.36734694,56.12244898,57,71.42857143,11.2244898
3545,79.7979798,68.68686869,56.56565657,57,71.71717172,12.12121212
3546,80,68,56,57,71,13
3547,80,67,55,56,71,13
3548,80,67,54,55,70,13
3549,80,67,54,56,70,13
3550,80,67,54,56,70,13
3551,80,67,54,56,70,13
3552,80,67,54,56,70,13
3553,80,67,54,56,70,14
3554,79,66,53,55,69,13
3555,79,66,53,55,69,13
3556,78.78787879,65.65656566,52.52525253,54,68.68686869,13
3557,78.78787879,64.64646465,51.51515152,54,67.67676768,13
3558,78.78787879,64.64646465,51.51515152,54,66.66666667,13
3559,78.78787879,64.64646465,51.51515152,54,66.66666667,13
3560,78.78787879,64.64646465,50.50505051,53,65.65656566,13
3561,78.78787879,64.64646465,50.50505051,53,64.64646465,12
3562,78.78787879,64.64646465,49.49494949,52,63.63636364,12
3563,78.78787879,64.64646465,49.49494949,52,62.62626263,12
3564,78.78787879,63.63636364,50.50505051,52,61.61616162,11
3565,78.78787879,63.63636364,50.50505051,51,61.61616162,11
3566,78.78787879,64.64646465,51.51515152,51,61.61616162,11
3567,78.78787879,64.64646465,51.51515152,51,61.61616162,11
3568,77.77777778,63.63636364,51.51515152,50,60.60606061,11
3569,77.55102041,63.26530612,52.04081633,49,60.20408163,11.11111111
3570,77.31958763,62.88659794,52.57731959,48,59.79381443,11.2244898
3571,77.31958763,62.88659794,52.57731959,48,59.79381443,11.2244898
3572,76.28865979,61.8556701,51.54639175,48,58.7628866,11.2244898
3573,76.28865979,61.8556701,52.57731959,49,59.79381443,11.2244898
3574,77.31958763,61.8556701,52.57731959,49,60.82474227,11.2244898
3575,76.28865979,60.82474227,52.57731959,48,59.79381443,11.2244898
3576,77.31958763,61.8556701,52.57731959,48,60.82474227,11.2244898
3577,77.31958763,62.88659794,53.60824742,48,60.82474227,11.2244898
3578,76.28865979,63.91752577,53.60824742,48,59.79381443,11.2244898
3579,77.31958763,64.94845361,54.63917526,49,60.82474227,11.2244898
3580,77.31958763,65.97938144,55.67010309,50,60.82474227,11.2244898
3581,77.31958763,64.94845361,54.63917526,49,61.8556701,11.2244898
3582,78.35051546,65.97938144,55.67010309,50,61.8556701,11.2244898
3583,78.35051546,65.97938144,55.67010309,50,61.8556701,12.24489796
3584,78.35051546,65.97938144,55.67010309,50,61.8556701,13.26530612
3585,78.35051546,67.01030928,55.67010309,50,60.82474227,13.26530612
3586,78.35051546,67.01030928,55.67010309,50,60.82474227,14.28571429
3587,77.31958763,65.97938144,54.63917526,49,60.82474227,15.30612245
3588,77.31958763,64.94845361,54.63917526,49,60.82474227,16.32653061
3589,78.35051546,64.94845361,55.67010309,50,60.82474227,17.34693878
3590,78.35051546,63.91752577,55.67010309,49,59.79381443,17.34693878
3591,79.3814433,64.94845361,55.67010309,49,60.82474227,17.34693878
3592,79.3814433,64.94845361,56.70103093,49,60.82474227,18.36734694
3593,78.35051546,63.91752577,56.70103093,49,59.79381443,18.36734694
3594,77.31958763,62.88659794,56.70103093,49,59.79381443,18.36734694
3595,77.31958763,62.88659794,57.73195876,49,59.79381443,18.36734694
3596,76.28865979,61.8556701,56.70103093,48,58.7628866,19.3877551
3597,77.31958763,62.88659794,57.73195876,49,59.79381443,20.40816327
3598,78.35051546,63.91752577,57.73195876,49,60.82474227,21.42857143
3599,77.31958763,62.88659794,56.70103093,48,59.79381443,21.42857143
3600,78.35051546,62.88659794,56.70103093,48,59.79381443,22.44897959
3601,78.35051546,62.88659794,56.70103093,48,59.79381443,23.46938776
3602,77.31958763,61.8556701,55.67010309,48,58.7628866,23.46938776
3603,78.35051546,61.8556701,55.67010309,49,59.79381443,23.46938776
3604,78.35051546,61.8556701,55.67010309,49,59.79381443,23.46938776
3605,77.31958763,61.8556701,56.70103093,48,58.7628866,23.46938776
3606,77.31958763,62.88659794,55.67010309,48,59.79381443,23.46938776
3607,77.31958763,63.91752577,55.67010309,47,60.82474227,23.46938776
3608,77.31958763,63.91752577,55.67010309,47,59.79381443,23.46938776
3609,77.31958763,63.91752577,55.67010309,47,59.79381443,23.46938776
3610,77.31958763,63.91752577,54.63917526,47,59.79381443,23.46938776
3611,76.28865979,63.91752577,53.60824742,47,58.7628866,23.46938776
3612,77.31958763,63.91752577,53.60824742,47,59.79381443,23.46938776
3613,77.31958763,62.88659794,52.57731959,46,59.79381443,23.46938776
3614,77.31958763,61.8556701,51.54639175,45,58.7628866,23.46938776
3615,78.35051546,62.88659794,51.54639175,46,58.7628866,23.46938776
3616,79.3814433,63.91752577,51.54639175,47,58.7628866,23.46938776
3617,79.3814433,63.91752577,50.51546392,47,58.7628866,23.46938776
3618,80.41237113,64.94845361,51.54639175,47,59.79381443,23.46938776
3619,80.41237113,64.94845361,51.54639175,48,59.79381443,23.46938776
3620,80.41237113,63.91752577,50.51546392,48,58.7628866,23.46938776
3621,80.41237113,63.91752577,51.54639175,49,59.79381443,23.46938776
3622,80.41237113,64.94845361,52.57731959,50,60.82474227,23.46938776
3623,80.41237113,64.94845361,52.57731959,50,60.82474227,23.46938776
3624,81.44329897,65.97938144,53.60824742,50,61.8556701,23.46938776
3625,81.44329897,67.01030928,52.57731959,50,61.8556701,23.46938776
3626,80.41237113,65.97938144,52.57731959,49,60.82474227,23.46938776
3627,80.41237113,67.01030928,51.54639175,50,60.82474227,23.46938776
3628,80.41237113,67.01030928,51.54639175,50,61.8556701,23.46938776
3629,79.3814433,65.97938144,51.54639175,50,61.8556701,23.46938776
3630,79.3814433,65.97938144,51.54639175,49,61.8556701,23.46938776
3631,79.3814433,64.94845361,51.54639175,48,61.8556701,23.46938776
3632,79.3814433,63.91752577,51.54639175,48,61.8556701,23.46938776
3633,80.41237113,63.91752577,50.51546392,48,61.8556701,23.46938776
3634,80.41237113,63.91752577,49.48453608,48,61.8556701,23.46938776
3635,80.41237113,63.91752577,48.45360825,48,60.82474227,24.48979592
3636,81.44329897,63.91752577,47.42268041,49,59.79381443,25.51020408
3637,81.44329897,62.88659794,46.39175258,48,59.79381443,25.51020408
3638,80.41237113,62.88659794,45.36082474,47,59.79381443,25.51020408
3639,81.44329897,63.91752577,46.39175258,48,60.82474227,26.53061224
3640,81.44329897,63.91752577,47.42268041,49,60.82474227,27.55102041
3641,80.41237113,62.88659794,47.42268041,49,59.79381443,28.57142857
3642,79.3814433,61.8556701,47.42268041,49,59.79381443,29.59183673
3643,78.35051546,60.82474227,46.39175258,48,58.7628866,30.6122449
3644,77.31958763,59.79381443,45.36082474,47,57.73195876,31.63265306
3645,76.28865979,58.7628866,45.36082474,48,57.73195876,31.63265306
3646,76.28865979,59.79381443,46.39175258,49,58.7628866,30.6122449
3647,76.28865979,59.79381443,47.42268041,50,58.7628866,30.6122449
3648,76.28865979,59.79381443,48.45360825,51,59.79381443,29.59183673
3649,76.28865979,59.79381443,48.45360825,51,59.79381443,28.57142857
3650,75.25773196,59.79381443,47.42268041,50,59.79381443,28.57142857
3651,75.25773196,59.79381443,47.42268041,49,59.79381443,29.59183673
3652,75.25773196,59.79381443,47.42268041,48,59.79381443,30.6122449
3653,75.25773196,58.7628866,47.42268041,47,59.79381443,30.6122449
3654,75.25773196,59.79381443,48.45360825,48,59.79381443,31.63265306
3655,74.22680412,60.82474227,49.48453608,49,60.82474227,31.63265306
3656,73.46938776,61.2244898,50,50,60.20408163,31.63265306
3657,73.46938776,62.24489796,50,50,61.2244898,30.6122449
3658,73.46938776,62.24489796,50,50,62.24489796,29.59183673
3659,72.44897959,61.2244898,50,50,61.2244898,28.57142857
3660,71.42857143,61.2244898,51.02040816,51,62.24489796,27.55102041
3661,72.44897959,61.2244898,52.04081633,52,63.26530612,27.55102041
3662,72.44897959,61.2244898,52.04081633,52,63.26530612,27.55102041
3663,71.42857143,60.20408163,51.02040816,51,63.26530612,27.55102041
3664,70.40816327,61.2244898,50,52,64.28571429,27.55102041
3665,69.3877551,60.20408163,50,53,63.26530612,27.55102041
3666,69.3877551,59.18367347,50,53,62.24489796,27.55102041
3667,69.3877551,60.20408163,50,54,63.26530612,27.55102041
3668,70.40816327,60.20408163,48.97959184,54,64.28571429,27.55102041
3669,70.70707071,59.5959596,48.48484848,54,64.64646465,27.27272727
3670,71,60,49,55,65,27
3671,70,60,49,55,64,27
3672,70,60,50,54,64,27
3673,70,60,50,54,64,27
3674,69,59,50,53,63,27
3675,70,59,50,54,63,27
3676,70,58,50,55,62,27
3677,69,57,49,55,61,27
3678,70,57,48,56,61,27
3679,70,57,47,56,61,27
3680,69,56,46,55,60,27
3681,69,56,46,56,59,27
3682,69,55,45,55,58,27
3683,68,54,44,54,58,26
3684,68,54,43,53,58,25
3685,68,54,43,52,59,25
3686,68,54,42,51,58,24
3687,68,54,42,52,57,23
3688,68,55,42,51,57,22
3689,67,54,41,51,57,21
3690,67,54,41,51,57,21
3691,66,54,42,51,57,21
3692,65,54,42,50,57,20
3693,66,54,42,50,57,20
3694,67,54,43,51,57,20
3695,67,53,42,50,56,20
3696,68,54,43,51,57,19
3697,68,54,42,51,57,18
3698,67,53,42,51,56,17
3699,68,54,43,52,57,17
3700,68,55,44,53,58,16
3701,67,54,43,53,58,15
3702,68,55,43,53,58,15
3703,68,54,43,52,58,15
3704,67,53,42,51,57,15
3705,68,53,41,51,58,15
3706,68,52,41,51,58,15
3707,67,51,41,51,57,15
3708,67,51,41,51,58,15
3709,68,51,41,50,58,15
3710,68,51,41,50,58,15
3711,69,50,41,49,59,15
3712,69,50,41,50,59,15
3713,68,50,41,51,59,15
3714,68,51,41,52,59,15
3715,68,51,40,52,58,15
3716,67,50,39,51,57,15
3717,67,49,39,50,57,15
3718,66,48,38,49,56,15
3719,66,47,37,48,55,15
3720,66,48,37,48,56,15
3721,66,48,36,48,56,15
3722,65,47,35,47,56,15
3723,65,46,34,46,56,15
3724,65,45,33,46,56,15
3725,65,45,33,46,55,15
3726,66,45,32,46,56,15
3727,66,45,32,45,57,15
3728,66,44,32,45,57,15
3729,67,44,32,45,58,15
3730,67,43,32,45,58,15
3731,66,44,32,45,57,15
3732,66,44,32,45,56,15
3733,66,44,32,45,56,15
3734,65,43,32,45,55,15
3735,65,42,32,44,56,14
3736,65,42,32,44,57,13
3737,65,42,32,44,58,13
3738,66,43,32,44,58,13
3739,66,42,31,43,58,12
3740,65,41,30,43,57,11
3741,65,42,30,44,57,10
3742,65,42,30,44,57,9
3743,66,42,31,45,57,8
3744,66,43,32,45,58,7
3745,67,44,32,44,58,6
3746,66,43,31,43,57,6
3747,66,44,31,43,57,6
3748,66,44,31,43,57,6
3749,66,44,30,42,56,6
3750,67,43,30,43,56,5
3751,66.66666667,42.42424242,29.29292929,43,55.55555556,4.04040404
3752,66.32653061,41.83673469,28.57142857,43,55.10204082,3.03030303
3753,66.32653061,42.85714286,28.57142857,44,55.10204082,3.03030303
3754,66.32653061,42.85714286,27.55102041,43,55.10204082,2.02020202
3755,67.34693878,41.83673469,26.53061224,42,54.08163265,1.01010101
3756,68.36734694,40.81632653,26.53061224,42,55.10204082,2.02020202
3757,67.34693878,39.79591837,26.53061224,41,54.08163265,2.02020202
3758,66.32653061,39.79591837,25.51020408,41,54.08163265,2.02020202
3759,67.34693878,40.81632653,24.48979592,41,55.10204082,2.02020202
3760,68.36734694,39.79591837,23.46938776,40,54.08163265,2.02020202
3761,68.36734694,39.79591837,23.46938776,40,54.08163265,2.02020202
3762,68.36734694,39.79591837,24.48979592,41,55.10204082,3.03030303
3763,69.3877551,39.79591837,25.51020408,42,56.12244898,3.03030303
3764,70.40816327,39.79591837,26.53061224,42,56.12244898,4.04040404
3765,71.42857143,40.81632653,26.53061224,42,57.14285714,5.050505051
3766,70.40816327,40.81632653,25.51020408,42,57.14285714,5.050505051
3767,69.3877551,40.81632653,25.51020408,41,56.12244898,5.050505051
3768,68.36734694,40.81632653,25.51020408,41,55.10204082,5.050505051
3769,67.34693878,40.81632653,25.51020408,42,54.08163265,5.050505051
3770,67.34693878,39.79591837,24.48979592,41,53.06122449,5.050505051
3771,67.34693878,38.7755102,23.46938776,40,53.06122449,5.050505051
3772,67.34693878,38.7755102,22.44897959,40,53.06122449,5.050505051
3773,67.34693878,38.7755102,22.44897959,40,52.04081633,5.050505051
3774,68.36734694,39.79591837,23.46938776,41,52.04081633,5.050505051
3775,67.34693878,40.81632653,22.44897959,41,52.04081633,5.050505051
3776,66.32653061,41.83673469,21.42857143,41,53.06122449,5.050505051
3777,67.34693878,41.83673469,21.42857143,40,53.06122449,5.050505051
3778,66.32653061,40.81632653,21.42857143,39,53.06122449,5.050505051
3779,66.32653061,40.81632653,22.44897959,39,53.06122449,5.050505051
3780,67.34693878,41.83673469,23.46938776,40,54.08163265,5.050505051
3781,67.34693878,41.83673469,24.48979592,40,55.10204082,5.050505051
3782,66.32653061,42.85714286,25.51020408,41,56.12244898,5.050505051
3783,67.34693878,43.87755102,26.53061224,42,56.12244898,5.050505051
3784,66.32653061,43.87755102,26.53061224,43,56.12244898,5.050505051
3785,66.32653061,43.87755102,27.55102041,44,56.12244898,5.050505051
3786,66.32653061,43.87755102,28.57142857,45,57.14285714,5.050505051
3787,66.32653061,43.87755102,29.59183673,44,57.14285714,5.050505051
3788,66.32653061,43.87755102,29.59183673,45,57.14285714,5.050505051
3789,67.34693878,44.89795918,29.59183673,44,57.14285714,5.050505051
3790,67.34693878,45.91836735,29.59183673,44,58.16326531,5.050505051
3791,68.36734694,45.91836735,29.59183673,45,58.16326531,5.050505051
3792,69.3877551,45.91836735,29.59183673,46,58.16326531,5.050505051
3793,68.36734694,45.91836735,29.59183673,46,58.16326531,5.050505051
3794,67.34693878,46.93877551,29.59183673,46,58.16326531,5.050505051
3795,67.34693878,47.95918367,30.6122449,47,59.18367347,5.050505051
3796,66.32653061,46.93877551,29.59183673,46,58.16326531,5.050505051
3797,66.32653061,46.93877551,30.6122449,46,58.16326531,5.050505051
3798,67.34693878,47.95918367,30.6122449,47,59.18367347,5.050505051
3799,66.32653061,46.93877551,29.59183673,46,58.16326531,5.050505051
3800,65.30612245,45.91836735,29.59183673,46,57.14285714,5.050505051
3801,66.32653061,46.93877551,30.6122449,46,57.14285714,5.050505051
3802,66.32653061,46.93877551,31.63265306,47,57.14285714,5.050505051
3803,66.32653061,47.95918367,32.65306122,48,57.14285714,5.050505051
3804,67.34693878,48.97959184,33.67346939,49,58.16326531,5.050505051
3805,67.34693878,48.97959184,34.69387755,49,58.16326531,5.050505051
3806,67.34693878,48.97959184,34.69387755,49,58.16326531,5.050505051
3807,68.36734694,48.97959184,34.69387755,49,59.18367347,5.050505051
3808,67.34693878,48.97959184,34.69387755,49,59.18367347,5.050505051
3809,67.34693878,50,34.69387755,50,59.18367347,5.050505051
3810,67.34693878,50,34.69387755,50,59.18367347,5.050505051
3811,66.32653061,50,34.69387755,50,58.16326531,5.050505051
3812,65.30612245,50,34.69387755,49,57.14285714,5.050505051
3813,65.30612245,50,34.69387755,48,56.12244898,5.050505051
3814,64.28571429,48.97959184,34.69387755,48,56.12244898,5.050505051
3815,64.28571429,48.97959184,35.71428571,48,56.12244898,5.050505051
3816,65.30612245,50,36.73469388,49,57.14285714,5.050505051
3817,64.28571429,50,37.75510204,49,57.14285714,5.050505051
3818,64.28571429,50,37.75510204,49,58.16326531,5.050505051
3819,64.28571429,51.02040816,38.7755102,50,59.18367347,5.050505051
3820,64.28571429,50,38.7755102,50,58.16326531,5.050505051
3821,64.28571429,50,39.79591837,50,58.16326531,5.050505051
3822,65.30612245,51.02040816,40.81632653,51,58.16326531,5.050505051
3823,64.28571429,51.02040816,40.81632653,51,57.14285714,5.050505051
3824,64.28571429,52.04081633,40.81632653,51,57.14285714,5.050505051
3825,64.28571429,52.04081633,40.81632653,51,58.16326531,5.050505051
3826,63.26530612,52.04081633,40.81632653,51,58.16326531,5.050505051
3827,63.26530612,52.04081633,41.83673469,52,58.16326531,5.050505051
3828,63.26530612,53.06122449,42.85714286,52,58.16326531,5.050505051
3829,62.24489796,53.06122449,42.85714286,52,57.14285714,5.050505051
3830,62.24489796,54.08163265,43.87755102,53,57.14285714,5.050505051
3831,63.26530612,54.08163265,44.89795918,54,58.16326531,5.050505051
3832,63.26530612,54.08163265,44.89795918,54,59.18367347,5.050505051
3833,63.26530612,55.10204082,45.91836735,55,60.20408163,5.050505051
3834,64.28571429,56.12244898,46.93877551,56,61.2244898,5.050505051
3835,63.26530612,57.14285714,46.93877551,56,61.2244898,5.050505051
3836,63.26530612,58.16326531,47.95918367,56,61.2244898,5.050505051
3837,63.26530612,58.16326531,47.95918367,56,60.20408163,5.050505051
3838,62.24489796,57.14285714,48.97959184,56,60.20408163,5.050505051
3839,61.2244898,58.16326531,50,56,59.18367347,5.050505051
3840,62.24489796,59.18367347,51.02040816,55,60.20408163,5.050505051
3841,63.26530612,58.16326531,51.02040816,54,61.2244898,5.050505051
3842,63.26530612,59.18367347,51.02040816,54,61.2244898,5.050505051
3843,63.26530612,59.18367347,50,53,62.24489796,5.050505051
3844,64.28571429,58.16326531,48.97959184,54,62.24489796,5.050505051
3845,64.28571429,58.16326531,47.95918367,54,62.24489796,5.050505051
3846,65.30612245,59.18367347,47.95918367,55,63.26530612,5.050505051
3847,64.28571429,59.18367347,46.93877551,54,62.24489796,5.050505051
3848,64.28571429,58.16326531,45.91836735,54,61.2244898,5.050505051
3849,64.28571429,58.16326531,46.93877551,55,61.2244898,5.050505051
3850,63.26530612,59.18367347,47.95918367,55,60.20408163,5.050505051
3851,63.63636364,59.5959596,47.47474747,55,60.60606061,5
3852,64,59,47,55,60,5
3853,63,58,46,54,59,4
3854,64,57,46,54,59,4
3855,64,58,46,55,59,4
3856,64,58,45,54,58,3
3857,65,59,46,54,59,3
3858,66,59,47,54,59,3
3859,65,58,47,53,58,3
3860,65,59,48,54,59,3
3861,65,58,48,54,59,3
3862,65,57,47,53,58,2
3863,65,57,46,53,58,2
3864,64,56,46,52,57,1
3865,64,55,45,52,56,0
3866,65,55,45,53,56,0
3867,66,54,45,53,56,0
3868,66,54,45,54,56,0
3869,67,55,46,54,57,0
3870,67,56,47,55,58,0
3871,67,56,48,55,58,0
3872,67,56,49,55,58,0
3873,67,55,49,55,58,0
3874,67,54,48,54,58,0
3875,67,53,48,54,59,0
3876,68,53,49,54,58,0
3877,67,53,49,55,59,0
3878,68,53,49,56,59,0
3879,67.67676768,52,48,55,58.58585859,0
3880,67.34693878,51,47,54,58.16326531,0
3881,67.01030928,51,46.46464646,53,57.73195876,0
3882,67.70833333,50,45.91836735,52,57.29166667,0
3883,67.36842105,49,45.36082474,51,56.84210526,0
3884,68.08510638,48.48484848,45.83333333,50,56.38297872,0
3885,67.74193548,47.95918367,45.26315789,49,55.91397849,0
3886,67.39130435,47.42268041,44.68085106,48,55.43478261,0
3887,68.13186813,47.91666667,44.08602151,48,56.04395604,0
3888,67.77777778,47.36842105,43.47826087,47,55.55555556,0
3889,67.41573034,46.80851064,43.95604396,47,55.05617978,0
3890,67.04545455,46.23655914,44.44444444,47,54.54545455,0
3891,66.66666667,45.16129032,43.33333333,46,54.02298851,0
3892,66.27906977,44.08602151,42.22222222,45,53.48837209,0
3893,67.05882353,44.08602151,42.22222222,45,54.11764706,0
3894,67.85714286,43.01075269,41.11111111,44,54.76190476,0
3895,67.46987952,41.93548387,40,43,54.21686747,0
3896,68.29268293,41.93548387,40,43,54.87804878,0
3897,67.90123457,40.86021505,38.88888889,42.42424242,54.32098765,0
3898,67.5,40.2173913,38.88888889,41.83673469,53.75,0
3899,68.35443038,40.65934066,38.88888889,42.26804124,54.43037975,0
3900,69.23076923,41.11111111,37.77777778,41.66666667,55.12820513,0
3901,67.94871795,41.11111111,37.77777778,40.625,53.84615385,0
3902,66.66666667,40,36.66666667,39.58333333,53.84615385,0
3903,65.38461538,38.88888889,35.55555556,38.54166667,52.56410256,0
3904,64.1025641,37.77777778,34.44444444,37.5,51.28205128,0
3905,62.82051282,38.88888889,33.33333333,38.54166667,50,0
3906,62.82051282,38.88888889,34.44444444,38.54166667,50,0
3907,62.82051282,38.88888889,34.44444444,38.54166667,48.71794872,0
3908,62.82051282,40,35.55555556,39.58333333,47.43589744,0
3909,61.53846154,38.88888889,36.66666667,38.54166667,46.15384615,0
3910,60.25641026,37.77777778,36.66666667,37.5,44.87179487,0
3911,61.53846154,38.88888889,37.77777778,38.54166667,46.15384615,1.282051282
3912,61.53846154,38.88888889,37.77777778,38.54166667,46.15384615,1.282051282
3913,62.82051282,38.88888889,38.88888889,39.58333333,47.43589744,2.564102564
3914,64.1025641,38.88888889,40,39.58333333,48.71794872,3.846153846
3915,64.1025641,38.88888889,38.88888889,38.54166667,50,3.846153846
3916,64.1025641,37.77777778,37.77777778,37.5,50,3.846153846
3917,65.38461538,37.77777778,36.66666667,37.5,50,3.846153846
3918,66.66666667,37.77777778,36.66666667,37.5,48.71794872,3.846153846
3919,66.66666667,36.66666667,35.55555556,36.45833333,48.71794872,3.846153846
3920,66.66666667,36.66666667,35.55555556,36.45833333,50,5.128205128
3921,65.38461538,35.55555556,35.55555556,35.41666667,48.71794872,6.41025641
3922,65.38461538,34.44444444,35.55555556,35.41666667,48.71794872,7.692307692
3923,65.38461538,34.44444444,36.66666667,36.45833333,50,7.692307692
3924,64.1025641,34.44444444,36.66666667,37.5,50,8.974358974
3925,64.1025641,34.44444444,37.77777778,38.54166667,50,10.25641026
3926,65.38461538,35.55555556,37.77777778,39.58333333,50,11.53846154
3927,65.38461538,34.44444444,36.66666667,39.58333333,48.71794872,12.82051282
3928,65.38461538,33.33333333,36.66666667,38.54166667,48.71794872,14.1025641
3929,65.38461538,34.44444444,37.77777778,39.58333333,48.71794872,15.38461538
3930,64.1025641,33.33333333,36.66666667,38.54166667,48.71794872,15.38461538
3931,64.1025641,33.33333333,35.55555556,38.54166667,48.71794872,16.66666667
3932,64.1025641,34.44444444,36.66666667,39.58333333,48.71794872,17.94871795
3933,64.1025641,34.44444444,35.55555556,38.54166667,48.71794872,17.94871795
3934,64.1025641,34.44444444,34.44444444,37.5,48.71794872,17.94871795
3935,64.1025641,34.44444444,34.44444444,37.5,47.43589744,19.23076923
3936,64.1025641,33.33333333,33.33333333,36.45833333,46.15384615,19.23076923
3937,64.1025641,33.33333333,33.33333333,36.45833333,47.43589744,19.23076923
3938,65.38461538,33.33333333,32.22222222,36.45833333,47.43589744,19.23076923
3939,66.66666667,32.22222222,31.11111111,36.45833333,48.71794872,19.23076923
3940,66.66666667,31.11111111,30,36.45833333,47.43589744,19.23076923
3941,66.66666667,31.11111111,30,36.45833333,47.43589744,19.23076923
3942,67.94871795,30,30,35.41666667,48.71794872,19.23076923
3943,67.94871795,30,30,35.41666667,48.71794872,19.23076923
3944,66.66666667,30,30,34.375,48.71794872,19.23076923
3945,66.66666667,30,31.11111111,34.375,48.71794872,19.23076923
3946,66.66666667,30,32.22222222,33.33333333,48.71794872,19.23076923
3947,66.66666667,28.88888889,33.33333333,33.33333333,50,19.23076923
3948,66.66666667,30,34.44444444,33.33333333,51.28205128,19.23076923
3949,66.66666667,30,34.44444444,33.33333333,52.56410256,19.23076923
3950,67.94871795,30,33.33333333,32.29166667,53.84615385,19.23076923
3951,67.94871795,30,34.44444444,32.29166667,53.84615385,19.23076923
3952,67.94871795,31.11111111,35.55555556,32.29166667,55.12820513,19.23076923
3953,69.23076923,31.11111111,35.55555556,32.29166667,56.41025641,19.23076923
3954,69.23076923,32.22222222,36.66666667,33.33333333,57.69230769,19.23076923
3955,69.23076923,32.22222222,36.66666667,32.29166667,58.97435897,19.23076923
3956,69.23076923,33.33333333,36.66666667,32.29166667,58.97435897,19.23076923
3957,69.23076923,33.33333333,35.55555556,33.33333333,58.97435897,19.23076923
3958,69.23076923,32.22222222,34.44444444,33.33333333,58.97435897,19.23076923
3959,70.51282051,32.22222222,34.44444444,34.375,60.25641026,19.23076923
3960,70.51282051,31.11111111,33.33333333,33.33333333,60.25641026,19.23076923
3961,70.51282051,32.22222222,33.33333333,33.33333333,60.25641026,19.23076923
3962,70.51282051,32.22222222,33.33333333,34.375,61.53846154,19.23076923
3963,70.51282051,33.33333333,34.44444444,34.375,61.53846154,19.23076923
3964,71.79487179,34.44444444,34.44444444,35.41666667,62.82051282,19.23076923
3965,70.51282051,34.44444444,35.55555556,34.375,62.82051282,19.23076923
3966,69.23076923,35.55555556,35.55555556,34.375,62.82051282,19.23076923
3967,67.94871795,35.55555556,36.66666667,34.375,62.82051282,19.23076923
3968,67.94871795,35.55555556,36.66666667,33.33333333,62.82051282,19.23076923
3969,66.66666667,34.44444444,35.55555556,32.29166667,61.53846154,19.23076923
3970,65.38461538,33.33333333,34.44444444,31.25,60.25641026,19.23076923
3971,65.38461538,33.33333333,33.33333333,31.25,60.25641026,20.51282051
3972,66.66666667,33.33333333,33.33333333,31.25,61.53846154,21.79487179
3973,66.66666667,34.44444444,33.33333333,30.20833333,62.82051282,23.07692308
3974,66.66666667,35.55555556,34.44444444,30.20833333,62.82051282,23.07692308
3975,67.94871795,36.66666667,35.55555556,30.20833333,62.82051282,23.07692308
3976,67.94871795,36.66666667,35.55555556,30.20833333,64.1025641,24.35897436
3977,67.94871795,37.77777778,35.55555556,29.16666667,64.1025641,25.64102564
3978,67.94871795,37.77777778,36.66666667,29.16666667,64.1025641,25.64102564
3979,68.35443038,38.88888889,36.66666667,29.16666667,63.29113924,25.3164557
3980,68.75,38.88888889,36.66666667,29.16666667,62.5,25
3981,69.13580247,40,37.36263736,30.20833333,62.96296296,25.92592593
3982,69.51219512,40,36.95652174,31.25,63.41463415,25.6097561
3983,69.87951807,40,37.6344086,31.25,62.65060241,26.5060241
3984,70.23809524,40.65934066,38.29787234,32.29166667,63.0952381,26.19047619
3985,70.58823529,40.2173913,38.94736842,33.33333333,63.52941176,27.05882353
3986,69.76744186,39.78494624,38.54166667,33.33333333,63.95348837,26.74418605
3987,70.11494253,40.42553191,38.1443299,33.33333333,64.36781609,26.43678161
3988,70.45454545,40,38.7755102,33.33333333,64.77272727,26.13636364
3989,69.66292135,39.58333333,38.38383838,33.33333333,64.04494382,25.84269663
3990,70,40.20618557,39,33.33333333,64.44444444,25.55555556
3991,70.32967033,41.2371134,40,33.33333333,64.83516484,25.27472527
3992,70.65217391,41.2371134,41,33.33333333,64.13043478,25
3993,70.96774194,41.2371134,41,34.375,64.51612903,24.7311828
3994,71.27659574,41.2371134,41,34.375,64.89361702,24.46808511
3995,70.52631579,41.2371134,41,35.41666667,64.21052632,24.21052632
3996,70.83333333,42.26804124,42,36.45833333,64.58333333,23.95833333
3997,71.13402062,42.26804124,43,37.11340206,63.91752577,23.71134021
3998,70.40816327,41.83673469,43,37.75510204,63.26530612,23.46938776
3999,70.70707071,41.41414141,43,38.38383838,63.63636364,23.23232323
4000,71,41,43,38,63,23
4001,71,40,42,38,64,23
4002,72,41,43,39,64,23
4003,73,42,44,40,64,23
4004,73,42,44,41,64,23
4005,73,42,44,41,64,23
4006,73,43,43,42,64,23
4007,72,43,43,42,65,23
4008,73,43,43,41,66,23
4009,74,44,43,41,67,23
4010,74,44,43,41,68,23
4011,73,43,42,40,67,22
4012,74,44,43,40,68,22
4013,74,45,42,39,67,21
4014,74,45,41,38,67,20
4015,74,45,42,39,67,20
4016,73,45,42,40,66,20
4017,73,46,42,40,66,20
4018,73,47,43,40,67,20
4019,72,48,43,40,66,20
4020,72,48,43,40,65,19
4021,73,48,42,40,65,18
4022,72,49,41,40,65,17
4023,73,50,41,40,65,17
4024,74,50,42,40,65,16
4025,74,50,42,39,64,15
4026,74,50,43,39,63,14
4027,74,50,44,38,63,13
4028,74,50,43,38,62,12
4029,75,50,42,38,63,11
4030,76,51,42,39,63,11
4031,76,51,43,39,63,10
4032,76,51,43,39,63,9
4033,76,51,44,40,63,9
4034,75,50,44,40,63,9
4035,76,50,45,41,64,8
4036,76,51,46,42,65,8
4037,76,51,47,42,65,8
4038,76,52,47,43,66,8
4039,76,53,47,44,66,8
4040,76,54,47,45,66,8
4041,76,54,47,45,65,8
4042,76,54,47,46,64,8
4043,76,54,47,46,63,8
4044,77,55,48,47,63,8
4045,77,55,47,47,63,8
4046,76,55,46,47,63,9
4047,77,56,46,48,63,10
4048,77,56,46,48,63,11
4049,77,55,46,47,63,12
4050,77,54,47,47,62,13
4051,77,54,47,48,62,13
4052,77,53,46,48,62,13
4053,77,54,46,48,61,14
4054,77,54,46,48,60,15
4055,77,53,46,48,59,16
4056,77,53,47,49,60,17
4057,77,53,48,49,60,18
4058,76,54,48,48,59,18
4059,76,55,49,48,59,18
4060,76,56,50,48,59,18
4061,76,56,50,47,59,18
4062,76,57,51,46,59,19
4063,76,57,51,45,59,20
4064,76,56,51,44,58,20
4065,77,57,50,45,58,21
4066,77,57,50,45,59,22
4067,77,58,49,45,59,23
4068,78,59,50,46,60,24
4069,79,60,51,46,61,25
4070,80,61,51,47,62,25
4071,81,62,52,48,63,24
4072,81,63,52,49,63,24
4073,81,63,51,49,63,24
4074,81,62,50,50,63,25
4075,81,62,49,50,63,26
4076,81,61,49,49,62,25
4077,82,60,49,49,61,24
4078,82,60,48,48,61,24
4079,81,60,49,48,62,24
4080,81,60,50,48,63,24
4081,81,59,49,47,63,23
4082,80,59,49,47,62,23
4083,80,60,48,47,62,22
4084,80,59,47,47,61,22
4085,79,60,47,47,61,21
4086,80,61,47,48,61,21
4087,80,61,48,49,60,21
4088,79,61,47,49,59,21
4089,80,62,48,50,60,21
4090,80,62,48,51,60,21
4091,79,61,48,51,59,21
4092,79,62,47,52,59,21
4093,79,63,47,52,58,21
4094,78,64,47,53,57,21
4095,79,65,48,53,58,21
4096,79,65,48,53,58,21
4097,78,66,48,53,59,21
4098,79,67,49,53,60,21
4099,79,68,50,53,60,21
4100,79,69,51,54,61,21
4101,80,70,51,55,61,21
4102,80,70,50,55,62,22
4103,80,70,49,54,63,22
4104,81,71,50,54,64,23
4105,82,71,51,54,65,24
4106,82,71,52,54,65,24
4107,83,72,53,55,65,25
4108,83,72,53,56,65,26
4109,83,72,53,56,65,27
4110,84,72,53,56,65,28
4111,85,73,54,57,66,28
4112,85,72,53,57,66,28
4113,85,72,54,58,67,29
4114,85,73,55,59,67,30
4115,84,73,55,58,66,31
4116,85,74,56,58,67,31
4117,85,74,57,59,67,31
4118,85,73,56,60,67,32
4119,86,73,57,61,68,33
4120,86,74,58,61,69,33
4121,86,75,58,61,70,34
4122,87,74,58,60,70,35
4123,87,74,58,60,70,36
4124,86,74,58,60,70,36
4125,86,73,57,60,70,36
4126,86,72,56,59,70,36
4127,86,73,55,59,70,36
4128,86,73,56,59,70,36
4129,85,72,57,58,69,36
4130,85,72,57,57,68,36
4131,85,72,56,56,67,36
4132,85,72,55,56,66,36
4133,85,71,54,56,66,36
4134,86,71,54,56,66,36
4135,86,71,54,56,65,36
4136,86,71,53,56,64,36
4137,85,72,52,56,63,36
4138,85,72,53,56,63,36
4139,84,71,53,55,62,36
4140,84,71,54,55,63,36
4141,84,72,55,56,64,36
4142,83,73,55,55,64,36
4143,83,74,56,56,65,36
4144,83,74,56,55,65,36
4145,82,73,56,55,64,36
4146,82,73,56,55,63,35
4147,82,73,56,55,63,34
4148,82,73,55,55,62,33
4149,82,74,55,56,62,32
4150,82,75,55,57,63,31
4151,81,74,54,56,62,31
4152,81,74,55,56,62,31
4153,81,74,56,57,63,30
4154,81,73,55,56,63,29
4155,81,74,56,57,64,28
4156,81,74,55,57,64,27
4157,81,74,54,56,64,26
4158,82,73,54,56,65,26
4159,82,73,54,56,65,26
4160,81,72,53,57,64,26
4161,81,72,52,57,64,26
4162,81,72,52,57,64,25
4163,81,72,52,58,63,24
4164,81,73,52,59,63,24
4165,81,72,52,58,64,23
4166,82,71,53,57,63,22
4167,83,70,53,58,64,21
4168,83,70,53,58,64,20
4169,83,69,52,59,64,19
4170,83,69,53,59,64,19
4171,83,69,53,59,64,19
4172,82,68,52,59,64,18
4173,82,67,52,60,63,17
4174,82,67,52,59,64,16
4175,82,66,52,58,64,15
4176,82,67,52,58,65,16
4177,82,68,53,58,66,17
4178,81,69,54,58,66,18
4179,82,69,54,59,66,19
4180,82,70,54,60,66,19
4181,82,70,54,60,66,19
4182,83,70,54,59,67,19
4183,83,70,55,60,68,19
4184,82,70,56,59,69,19
4185,82,70,56,59,69,19
4186,82,70,57,58,69,19
4187,81,69,57,57,70,19
4188,82,69,57,57,71,19
4189,82,68,56,56,71,19
4190,81,68,56,55,71,19
4191,81,68,55,55,71,19
4192,81,67,56,54,71,19
4193,80,67,56,53,71,19
4194,81,66,56,52,71,19
4195,81,66,56,52,71,19
4196,80,66,56,52,71,19
4197,81,65,55,51,71,19
4198,81,65,55,50,71,19
4199,80.80808081,64.64646465,54,49.49494949,70.70707071,19.19191919
4200,80.6122449,64.28571429,53,48.97959184,70.40816327,19.3877551
4201,80.41237113,63.91752577,53,48.45360825,70.10309278,19.58762887
4202,80.20833333,63.54166667,53,47.91666667,69.79166667,18.75
4203,80,63.15789474,53,48.42105263,69.47368421,18.94736842
4204,79.78723404,62.76595745,52,47.87234043,69.14893617,18.08510638
4205,79.56989247,62.3655914,51,47.31182796,68.8172043,17.20430108
4206,79.34782609,61.95652174,50,46.73913043,68.47826087,17.39130435
4207,79.12087912,61.53846154,49,46.15384615,68.13186813,16.48351648
4208,78.88888889,61.11111111,48,45.55555556,67.77777778,15.55555556
4209,78.65168539,60.6741573,47,46.06741573,67.41573034,14.60674157
4210,78.40909091,61.36363636,47,46.59090909,67.04545455,13.63636364
4211,78.16091954,60.91954023,46,45.97701149,66.66666667,13.79310345
4212,77.90697674,61.62790698,46,46.51162791,66.27906977,13.95348837
4213,77.64705882,61.17647059,45,45.88235294,65.88235294,12.94117647
4214,77.38095238,60.71428571,44,45.23809524,65.47619048,11.9047619
4215,78.31325301,60.24096386,43,45.78313253,66.26506024,10.84337349
4216,78.04878049,59.75609756,42,45.12195122,65.85365854,10.97560976
4217,78.04878049,59.75609756,41,43.90243902,64.63414634,10.97560976
4218,78.04878049,59.75609756,42,43.90243902,64.63414634,10.97560976
4219,78.04878049,58.53658537,42,43.90243902,64.63414634,10.97560976
4220,78.04878049,58.53658537,41,43.90243902,64.63414634,12.19512195
4221,78.04878049,58.53658537,42,45.12195122,63.41463415,12.19512195
4222,78.04878049,59.75609756,43,46.34146341,62.19512195,12.19512195
4223,76.82926829,58.53658537,42,45.12195122,60.97560976,10.97560976
4224,78.04878049,58.53658537,42,43.90243902,60.97560976,12.19512195
4225,78.04878049,59.75609756,43,43.90243902,62.19512195,13.41463415
4226,78.04878049,59.75609756,43,43.90243902,63.41463415,13.41463415
4227,78.04878049,59.75609756,43,45.12195122,64.63414634,13.41463415
4228,78.04878049,60.97560976,42,46.34146341,65.85365854,13.41463415
4229,78.04878049,60.97560976,41,46.34146341,65.85365854,13.41463415
4230,78.04878049,60.97560976,41,46.34146341,67.07317073,13.41463415
4231,78.04878049,60.97560976,41,46.34146341,68.29268293,13.41463415
4232,76.82926829,60.97560976,41,45.12195122,68.29268293,13.41463415
4233,76.82926829,60.97560976,41,45.12195122,67.07317073,13.41463415
4234,76.82926829,62.19512195,41,45.12195122,67.07317073,13.41463415
4235,76.82926829,60.97560976,40,43.90243902,67.07317073,13.41463415
4236,75.6097561,59.75609756,40,42.68292683,67.07317073,13.41463415
4237,76.82926829,59.75609756,40,42.68292683,67.07317073,13.41463415
4238,76.82926829,58.53658537,40,42.68292683,67.07317073,14.63414634
4239,76.82926829,58.53658537,40,42.68292683,67.07317073,14.63414634
4240,75.6097561,57.31707317,39,41.46341463,65.85365854,14.63414634
4241,74.3902439,56.09756098,39,41.46341463,64.63414634,14.63414634
4242,74.3902439,54.87804878,39,41.46341463,64.63414634,14.63414634
4243,74.3902439,53.65853659,38,41.46341463,63.41463415,14.63414634
4244,73.17073171,52.43902439,37,42.68292683,63.41463415,15.85365854
4245,74.3902439,53.65853659,38,43.90243902,64.63414634,17.07317073
4246,75.6097561,53.65853659,39,45.12195122,65.85365854,18.29268293
4247,75.6097561,53.65853659,39,45.12195122,65.85365854,19.51219512
4248,75.6097561,53.65853659,39,43.90243902,67.07317073,19.51219512
4249,75.6097561,53.65853659,39,42.68292683,67.07317073,20.73170732
4250,74.3902439,52.43902439,38,42.68292683,65.85365854,21.95121951
4251,75.6097561,53.65853659,39,43.90243902,67.07317073,23.17073171
4252,75.6097561,54.87804878,39,45.12195122,67.07317073,24.3902439
4253,75.6097561,54.87804878,39,45.12195122,67.07317073,25.6097561
4254,75.6097561,56.09756098,40,46.34146341,68.29268293,26.82926829
4255,75.6097561,56.09756098,40,46.34146341,68.29268293,28.04878049
4256,74.3902439,54.87804878,40,45.12195122,68.29268293,28.04878049
4257,74.3902439,54.87804878,41,46.34146341,68.29268293,29.26829268
4258,74.3902439,56.09756098,42,47.56097561,68.29268293,30.48780488
4259,73.17073171,56.09756098,42,47.56097561,67.07317073,31.70731707
4260,74.3902439,57.31707317,43,47.56097561,67.07317073,32.92682927
4261,74.3902439,57.31707317,44,48.7804878,67.07317073,34.14634146
4262,74.3902439,57.31707317,44,50,65.85365854,35.36585366
4263,74.07407407,56.79012346,43.43434343,48.7804878,66.66666667,35.80246914
4264,73.75,56.25,42.85714286,47.56097561,67.5,36.25
4265,73.41772152,56.96202532,43.29896907,47.56097561,67.08860759,36.70886076
4266,73.41772152,56.96202532,43.29896907,47.56097561,68.35443038,37.97468354
4267,72.15189873,56.96202532,44.32989691,46.34146341,67.08860759,39.24050633
4268,72.15189873,55.69620253,44.32989691,45.12195122,65.82278481,39.24050633
4269,72.15189873,56.96202532,45.36082474,45.12195122,65.82278481,40.50632911
4270,72.15189873,56.96202532,45.36082474,45.12195122,65.82278481,41.7721519
4271,70.88607595,56.96202532,45.36082474,43.90243902,64.55696203,43.03797468
4272,70.88607595,56.96202532,46.39175258,42.68292683,63.29113924,44.30379747
4273,70.88607595,56.96202532,47.42268041,41.46341463,64.55696203,45.56962025
4274,69.62025316,56.96202532,47.42268041,41.46341463,63.29113924,46.83544304
4275,69.62025316,58.2278481,47.42268041,41.46341463,63.29113924,48.10126582
4276,69.62025316,58.2278481,47.42268041,41.46341463,63.29113924,48.10126582
4277,69.62025316,58.2278481,46.39175258,41.46341463,63.29113924,48.10126582
4278,70.88607595,58.2278481,45.36082474,42.68292683,64.55696203,46.83544304
4279,70.88607595,58.2278481,44.32989691,42.68292683,64.55696203,45.56962025
4280,70.88607595,56.96202532,44.32989691,41.46341463,63.29113924,45.56962025
4281,70.88607595,56.96202532,44.32989691,41.46341463,62.02531646,45.56962025
4282,70.88607595,56.96202532,44.32989691,41.46341463,60.75949367,45.56962025
4283,69.62025316,55.69620253,44.32989691,40.24390244,60.75949367,46.83544304
4284,70.88607595,55.69620253,44.32989691,41.46341463,59.49367089,48.10126582
4285,72.15189873,54.43037975,43.29896907,40.24390244,58.2278481,48.10126582
4286,72.15189873,53.16455696,43.29896907,40.24390244,56.96202532,49.36708861
4287,73.41772152,54.43037975,43.29896907,41.46341463,55.69620253,50.63291139
4288,73.41772152,55.69620253,44.32989691,42.68292683,54.43037975,51.89873418
4289,72.15189873,55.69620253,44.32989691,42.68292683,53.16455696,51.89873418
4290,73.41772152,55.69620253,44.32989691,43.90243902,53.16455696,53.16455696
4291,74.6835443,56.96202532,45.36082474,45.12195122,54.43037975,54.43037975
4292,73.41772152,56.96202532,45.36082474,45.12195122,55.69620253,55.69620253
4293,74.6835443,56.96202532,46.39175258,46.34146341,56.96202532,56.96202532
4294,74.6835443,58.2278481,47.42268041,47.56097561,58.2278481,58.2278481
4295,73.41772152,56.96202532,46.39175258,46.34146341,56.96202532,58.2278481
4296,74.6835443,56.96202532,45.36082474,46.34146341,56.96202532,58.2278481
4297,74.6835443,58.2278481,45.36082474,47.56097561,56.96202532,58.2278481
4298,74.6835443,58.2278481,44.32989691,48.7804878,56.96202532,58.2278481
4299,75,58.75,45.36082474,49.39759036,57.5,58.75
4300,75.30864198,59.25925926,46.39175258,50,58.02469136,59.25925926
4301,74.3902439,58.53658537,47.42268041,49.41176471,58.53658537,58.53658537
4302,74.69879518,59.03614458,47.42268041,50,59.03614458,57.8313253
4303,75,59.52380952,47.42268041,50.57471264,59.52380952,57.14285714
4304,75.29411765,58.82352941,47.42268041,50,58.82352941,56.47058824
4305,75.58139535,59.30232558,48.45360825,50.56179775,59.30232558,56.97674419
4306,75.86206897,59.77011494,49.48453608,51.11111111,59.77011494,57.47126437
4307,75,59.09090909,49.48453608,50.54945055,59.09090909,56.81818182
4308,75.28089888,59.5505618,50.51546392,51.08695652,59.5505618,57.30337079
4309,75.55555556,60,51.54639175,51.61290323,60,57.77777778
4310,75.82417582,59.34065934,51.54639175,51.06382979,59.34065934,57.14285714
4311,76.08695652,59.7826087,52.57731959,51.57894737,59.7826087,57.60869565
4312,76.34408602,60.21505376,53.60824742,52.08333333,60.21505376,58.06451613
4313,76.59574468,60.63829787,54.63917526,51.54639175,59.57446809,57.44680851
4314,76.84210526,61.05263158,55.67010309,52.04081633,60,57.89473684
4315,77.08333333,61.45833333,56.70103093,52.52525253,60.41666667,58.33333333
4316,76.28865979,61.8556701,57.73195876,53,59.79381443,58.7628866
4317,76.28865979,61.8556701,58.7628866,54,60.82474227,59.79381443
4318,76.28865979,62.88659794,58.7628866,54,60.82474227,59.79381443
4319,76.28865979,63.91752577,58.7628866,54,60.82474227,59.79381443
4320,75.25773196,62.88659794,58.7628866,55,59.79381443,58.7628866
4321,75.25773196,62.88659794,58.7628866,55,60.82474227,58.7628866
4322,74.22680412,61.8556701,57.73195876,54,60.82474227,58.7628866
4323,75.25773196,62.88659794,58.7628866,55,61.8556701,59.79381443
4324,75.25773196,62.88659794,58.7628866,56,61.8556701,59.79381443
4325,74.22680412,61.8556701,57.73195876,56,61.8556701,58.7628866
4326,74.22680412,62.88659794,58.7628866,57,61.8556701,58.7628866
4327,74.22680412,62.88659794,59.79381443,57,61.8556701,58.7628866
4328,73.19587629,62.88659794,59.79381443,56,60.82474227,58.7628866
4329,74.22680412,63.91752577,60.82474227,57,61.8556701,59.79381443
4330,74.22680412,63.91752577,60.82474227,58,61.8556701,59.79381443
4331,73.19587629,63.91752577,60.82474227,58,61.8556701,59.79381443
4332,74.22680412,63.91752577,60.82474227,59,62.88659794,59.79381443
4333,74.22680412,64.94845361,60.82474227,58,63.91752577,59.79381443
4334,74.22680412,64.94845361,60.82474227,58,62.88659794,59.79381443
4335,74.22680412,65.97938144,61.8556701,59,63.91752577,60.82474227
4336,75.25773196,67.01030928,62.88659794,60,64.94845361,61.8556701
4337,74.22680412,65.97938144,62.88659794,60,65.97938144,61.8556701
4338,74.22680412,67.01030928,62.88659794,59,64.94845361,61.8556701
4339,74.22680412,67.01030928,62.88659794,60,65.97938144,61.8556701
4340,75.25773196,67.01030928,62.88659794,61,65.97938144,61.8556701
4341,75.25773196,68.04123711,61.8556701,60,67.01030928,61.8556701
4342,76.28865979,69.07216495,61.8556701,60,68.04123711,61.8556701
4343,75.25773196,70.10309278,61.8556701,59,68.04123711,61.8556701
4344,75.25773196,70.10309278,61.8556701,58,67.01030928,61.8556701
4345,74.22680412,70.10309278,60.82474227,57,65.97938144,60.82474227
4346,73.19587629,69.07216495,59.79381443,56,64.94845361,59.79381443
4347,73.19587629,69.07216495,59.79381443,56,64.94845361,59.79381443
4348,73.19587629,69.07216495,60.82474227,57,63.91752577,59.79381443
4349,73.19587629,68.04123711,59.79381443,57,62.88659794,58.7628866
4350,73.95833333,68.75,59.79381443,56.56565657,63.54166667,57.73195876
4351,73.68421053,68.42105263,58.7628866,56.12244898,63.15789474,56.70103093
4352,73.40425532,68.08510638,57.73195876,55.67010309,62.76595745,55.67010309
4353,73.11827957,67.74193548,56.70103093,55.20833333,62.3655914,54.63917526
4354,72.82608696,67.39130435,55.67010309,54.73684211,61.95652174,53.60824742
4355,72.82608696,67.39130435,55.67010309,54.73684211,61.95652174,53.60824742
4356,73.91304348,68.47826087,55.67010309,54.73684211,61.95652174,53.60824742
4357,72.82608696,67.39130435,54.63917526,53.68421053,60.86956522,52.57731959
4358,72.82608696,67.39130435,54.63917526,53.68421053,60.86956522,52.57731959
4359,73.91304348,67.39130435,54.63917526,53.68421053,61.95652174,52.57731959
4360,72.82608696,66.30434783,54.63917526,53.68421053,61.95652174,52.57731959
4361,72.82608696,66.30434783,53.60824742,53.68421053,61.95652174,52.57731959
4362,72.82608696,66.30434783,52.57731959,53.68421053,63.04347826,51.54639175
4363,72.04301075,65.59139785,52.04081633,53.68421053,62.3655914,52.04081633
4364,72.34042553,65.95744681,51.51515152,54.73684211,62.76595745,51.51515152
4365,72.63157895,66.31578947,52,55.78947368,63.15789474,52
4366,72.63157895,67.36842105,52,56.84210526,63.15789474,51
4367,73.68421053,68.42105263,52,57.89473684,64.21052632,51
4368,73.68421053,69.47368421,52,57.89473684,64.21052632,52
4369,72.63157895,69.47368421,51,56.84210526,63.15789474,52
4370,72.63157895,69.47368421,51,56.84210526,63.15789474,52
4371,73.68421053,69.47368421,51,57.89473684,64.21052632,52
4372,74.73684211,70.52631579,50,57.89473684,65.26315789,51
4373,74.73684211,71.57894737,50,58.94736842,65.26315789,51
4374,75.78947368,72.63157895,51,60,66.31578947,51
4375,75.78947368,71.57894737,51,61.05263158,66.31578947,50
4376,75.78947368,71.57894737,51,62.10526316,66.31578947,50
4377,75.78947368,71.57894737,52,63.15789474,66.31578947,50
4378,74.73684211,70.52631579,52,62.10526316,65.26315789,50
4379,74.73684211,70.52631579,53,62.10526316,65.26315789,51
4380,74.73684211,70.52631579,53,63.15789474,66.31578947,52
4381,74.73684211,70.52631579,54,64.21052632,67.36842105,53
4382,74.73684211,71.57894737,55,65.26315789,68.42105263,54
4383,75.78947368,72.63157895,55,66.31578947,68.42105263,54
4384,74.73684211,72.63157895,55,65.26315789,68.42105263,54
4385,74.73684211,73.68421053,55,65.26315789,69.47368421,54
4386,73.68421053,73.68421053,54,65.26315789,70.52631579,53
4387,72.63157895,72.63157895,53,65.26315789,70.52631579,52
4388,72.63157895,72.63157895,53,65.26315789,71.57894737,52
4389,73.68421053,73.68421053,54,66.31578947,72.63157895,53
4390,72.63157895,73.68421053,54,65.26315789,72.63157895,52
4391,72.63157895,73.68421053,54,65.26315789,72.63157895,52
4392,73.68421053,74.73684211,54,66.31578947,72.63157895,52
4393,72.63157895,74.73684211,54,65.26315789,71.57894737,52
4394,71.57894737,73.68421053,53,65.26315789,70.52631579,51
4395,71.57894737,73.68421053,54,65.26315789,70.52631579,51
4396,70.52631579,72.63157895,54,64.21052632,69.47368421,52
4397,70.52631579,72.63157895,55,63.15789474,68.42105263,52
4398,70.52631579,72.63157895,56,63.15789474,68.42105263,53
4399,69.47368421,71.57894737,55,63.15789474,68.42105263,52
4400,69.47368421,71.57894737,55,63.15789474,68.42105263,52
4401,70.52631579,72.63157895,55,64.21052632,68.42105263,53
4402,70.52631579,71.57894737,56,64.21052632,67.36842105,54
4403,70.52631579,70.52631579,57,64.21052632,66.31578947,55
4404,70.52631579,71.57894737,58,65.26315789,67.36842105,56
4405,69.47368421,70.52631579,58,64.21052632,66.31578947,55
4406,69.47368421,70.52631579,58,64.21052632,65.26315789,55
4407,70.52631579,71.57894737,59,65.26315789,65.26315789,56
4408,70.52631579,71.57894737,59,65.26315789,64.21052632,56
4409,70.52631579,71.57894737,59,65.26315789,63.15789474,56
4410,70.52631579,72.63157895,60,66.31578947,64.21052632,57
4411,70.52631579,71.57894737,60,65.26315789,63.15789474,57
4412,70.52631579,71.57894737,59,65.26315789,63.15789474,56
4413,70.52631579,71.57894737,58,66.31578947,64.21052632,56
4414,69.47368421,70.52631579,57,66.31578947,64.21052632,55
4415,69.47368421,70.52631579,57,65.26315789,64.21052632,55
4416,70.52631579,70.52631579,57,64.21052632,65.26315789,55
4417,69.47368421,70.52631579,56,63.15789474,64.21052632,54
4418,69.47368421,69.47368421,55,63.15789474,64.21052632,53
4419,69.47368421,69.47368421,55,63.15789474,64.21052632,53
4420,70.52631579,70.52631579,55,63.15789474,64.21052632,53
4421,70.52631579,70.52631579,55,63.15789474,64.21052632,53
4422,71.57894737,71.57894737,56,64.21052632,65.26315789,53
4423,71.57894737,71.57894737,56,64.21052632,65.26315789,53
4424,71.57894737,70.52631579,55,64.21052632,64.21052632,52
4425,72.63157895,71.57894737,56,65.26315789,64.21052632,53
4426,72.63157895,70.52631579,55,64.21052632,63.15789474,53
4427,72.63157895,70.52631579,55,64.21052632,63.15789474,54
4428,73.68421053,70.52631579,56,65.26315789,64.21052632,55
4429,72.63157895,69.47368421,55,64.21052632,64.21052632,55
4430,72.63157895,68.42105263,56,64.21052632,64.21052632,56
4431,73.68421053,68.42105263,57,65.26315789,64.21052632,57
4432,73.68421053,68.42105263,58,65.26315789,64.21052632,58
4433,73.68421053,68.42105263,59,66.31578947,64.21052632,59
4434,73.68421053,67.36842105,60,67.36842105,65.26315789,60
4435,73.68421053,67.36842105,59,66.31578947,64.21052632,60
4436,73.68421053,67.36842105,59,66.31578947,63.15789474,60
4437,74.73684211,68.42105263,60,67.36842105,63.15789474,61
4438,73.68421053,68.42105263,59,67.36842105,63.15789474,60
4439,74.73684211,69.47368421,59,67.36842105,63.15789474,60
4440,74.73684211,70.52631579,60,67.36842105,64.21052632,61
4441,74.73684211,70.52631579,60,67.36842105,64.21052632,62
4442,74.73684211,70.52631579,61,68.42105263,64.21052632,63
4443,75.78947368,70.52631579,62,69.47368421,65.26315789,64
4444,76.84210526,71.57894737,63,69.47368421,65.26315789,64
4445,77.89473684,71.57894737,64,70.52631579,66.31578947,65
4446,78.94736842,72.63157895,65,71.57894737,67.36842105,66
4447,78.94736842,71.57894737,64,70.52631579,66.31578947,65
4448,78.94736842,71.57894737,64,69.47368421,67.36842105,66
4449,78.94736842,72.63157895,65,69.47368421,68.42105263,67
4450,78.125,71.875,65,68.75,67.70833333,67
4451,78.35051546,72.16494845,65,68.04123711,68.04123711,68
4452,78.57142857,72.44897959,66,68.36734694,68.36734694,69
4453,78.78787879,72.72727273,66,68.68686869,68.68686869,69
4454,79,73,67,68,69,70
4455,79,73,67,68,69,70
4456,78,73,67,68,68,71
4457,78,73,68,68,69,72
4458,77,72,68,68,69,72
4459,76,71,67,68,68,72
4460,76,72,66,67,68,71
4461,76,72,67,66,68,71
4462,75,72,67,65,67,72
4463,75,73,67,65,68,71
4464,75,73,67,64,68,71
4465,74,73,66,63,67,70
4466,73,73,65,62,66,70
4467,73,73,65,61,65,70
4468,72,72,64,61,66,69
4469,73,72,64,61,67,68
4470,73,72,64,60,67,68
4471,73,72,64,59,67,67
4472,73,72,64,59,67,67
4473,73,72,63,58,67,67
4474,73,72,62,57,67,66
4475,72,73,63,57,67,67
4476,72,73,63,57,66,67
4477,71,72,63,57,65,66
4478,72,72,63,57,66,67
4479,72,72,62,56,66,66
4480,71,72,61,55,65,65
4481,70,73,61,55,64,65
4482,69,73,61,55,64,65
4483,68,72,60,54,64,64
4484,69,72,59,54,64,63
4485,69,72,60,55,64,64
4486,69,72,60,55,63,64
4487,70,73,60,54,64,64
4488,70,73,59,53,64,63
4489,70,72,58,52,64,63
4490,70,72,57,52,64,63
4491,70,72,57,52,64,63
4492,69,71,57,51,63,62
4493,70,71,57,52,64,62
4494,71,72,58,52,65,63
4495,71,72,58,53,66,64
4496,72,73,58,54,67,63
4497,72,73,58,55,68,64
4498,72,72,57,54,68,63
4499,73,72,58,53,67,64
4500,73,71,58,53,66,64
4501,72,70,58,52,65,63
4502,72,71,58,52,66,63
4503,72,72,58,52,67,63
4504,71,72,57,51,67,63
4505,72,73,56,51,68,63
4506,72,73,55,50,69,62
4507,71,72,55,49,69,61
4508,70,71,55,49,69,61
4509,70,71,55,49,70,61
4510,69,70,55,48,69,61
4511,69,70,55,48,69,61
4512,69,69,55,47,68,61
4513,69,69,55,46,67,62
4514,70,70,55,46,66,62
4515,70,70,54,46,65,61
4516,69,70,53,46,64,61
4517,69,70,53,46,64,61
4518,69,71,54,46,64,62
4519,69,70,53,45,63,61
4520,69,69,54,44,63,62
4521,68,68,54,44,62,62
4522,68,67,53,44,61,61
4523,68,66,52,44,60,60
4524,68,66,53,43,60,61
4525,68,65,53,42,60,61
4526,68,66,53,42,61,61
4527,68,66,52,42,61,60
4528,68,66,51,41,61,59
4529,69,67,52,42,61,59
4530,69,68,52,42,61,59
4531,69,68,52,42,61,59
4532,69,68,52,42,61,59
4533,69,68,52,42,61,59
4534,69,69,52,42,61,58
4535,69,69,52,43,62,57
4536,69,69,52,43,63,57
4537,69,68,51,43,63,56
4538,70,68,52,44,64,57
4539,70,68,53,44,64,58
4540,69,68,53,44,63,58
4541,69,68,53,44,62,58
4542,69,67,52,43,62,57
4543,69,67,52,42,61,56
4544,69,67,52,43,62,56
4545,69,67,52,43,62,56
4546,68,67,51,43,62,56
4547,67,67,52,44,63,56
4548,67,66,51,44,63,55
4549,66,65,51,44,63,54
4550,67,66,52,44,64,55
4551,67,66,53,44,64,55
4552,67,65,53,43,64,55
4553,67,64,54,43,64,56
4554,67,64,54,44,64,56
4555,67,63,53,44,63,56
4556,68,63,54,45,64,56
4557,69,64,54,46,64,56
4558,69,65,53,45,64,55
4559,70,66,53,45,65,54
4560,71,66,53,45,66,55
4561,71,66,52,46,66,54
4562,72,66,52,46,67,53
4563,73,66,52,46,66,53
4564,73,66,52,46,66,53
4565,74,66,53,46,67,54
4566,75,66,54,47,68,55
4567,74,65,53,47,68,55
4568,75,66,54,48,67,55
4569,75,66,55,49,67,56
4570,75,66,54,49,67,55
4571,75,66,53,50,67,55
4572,75,65,54,50,66,56
4573,75,64,55,50,65,55
4574,74,63,55,50,64,55
4575,74,62,55,50,64,55
4576,73,61,54,49,64,54
4577,74,62,53,48,64,54
4578,73,63,53,48,64,53
4579,73,62,53,48,64,53
4580,74,62,53,48,65,53
4581,75,62,53,48,66,53
4582,76,61,53,47,66,53
4583,77,62,54,48,66,54
4584,77,63,55,49,67,55
4585,76,62,54,48,66,54
4586,77,62,54,48,66,54
4587,77,62,54,49,66,54
4588,77,61,54,49,65,54
4589,77,62,54,49,65,54
4590,78,62,55,50,65,55
4591,77,62,55,49,65,55
4592,78,63,55,50,66,56
4593,78,63,55,50,66,56
4594,77,63,55,50,65,56
4595,78,64,55,50,65,56
4596,78,64,56,50,65,57
4597,77,63,55,49,64,56
4598,77,63,55,49,63,56
4599,77,63,54,49,63,55
4600,76,63,53,48,63,54
4601,77,64,53,49,64,55
4602,77,64,53,49,64,55
4603,77,63,52,48,63,55
4604,78,63,53,49,63,55
4605,78,63,54,50,63,56
4606,77,63,54,50,62,56
4607,78,64,54,51,63,57
4608,79,65,53,51,64,56
4609,78,65,52,50,64,56
4610,78,66,52,51,65,56
4611,78,67,52,52,66,56
4612,77,67,52,53,66,56
4613,77,67,53,54,67,56
4614,77,67,54,53,68,57
4615,76,66,54,53,68,57
4616,77,66,55,54,69,57
4617,78,66,56,55,70,58
4618,78,65,56,54,69,57
4619,78,65,56,54,69,57
4620,78,66,56,55,70,57
4621,79,66,55,54,71,56
4622,79,67,56,54,72,57
4623,79,68,57,54,73,58
4624,79,69,57,54,74,57
4625,79,69,56,55,73,56
4626,78,68,57,56,72,56
4627,78,68,57,56,71,56
4628,78,68,58,57,71,57
4629,78,68,58,57,71,57
4630,78,67,58,57,71,57
4631,78,67,58,57,71,57
4632,78,67,58,57,71,57
4633,78,66,57,57,71,57
4634,78,66,56,57,71,58
4635,78,66,56,57,71,58
4636,78,66,55,57,71,58
4637,78,67,56,57,71,59
4638,78,67,56,57,71,59
4639,78,67,55,57,71,59
4640,79,67,55,57,72,59
4641,80,67,55,58,73,58
4642,80,68,55,58,73,58
4643,80,68,55,59,74,59
4644,80,68,55,59,74,59
4645,80,68,54,59,73,58
4646,80,67,54,58,72,57
4647,81,67,53,57,72,57
4648,80,68,54,58,71,57
4649,81,68,54,58,70,58
4650,81,67,53,58,69,57
4651,80,67,52,58,69,56
4652,80,67,51,58,69,55
4653,80,67,50,57,68,54
4654,79,66,49,56,67,53
4655,79,67,49,56,68,52
4656,79,67,48,56,67,51
4657,79,66,48,55,67,50
4658,80,65,48,55,66,50
4659,79,64,48,54,65,50
4660,79,63,49,55,65,49
4661,79,63,50,55,65,50
4662,79,63,51,56,65,51
4663,78,62,51,57,66,51
4664,78,62,51,58,65,51
4665,78,61,50,58,64,50
4666,78,60,49,57,64,49
4667,79,60,50,58,65,48
4668,79,60,50,58,66,49
4669,78,60,50,58,65,49
4670,78,59,50,58,64,50
4671,78,59,50,57,63,50
4672,78,59,49,57,63,50
4673,78,59,49,57,63,51
4674,79,59,49,57,63,51
4675,80,59,48,57,62,50
4676,81,60,49,58,63,51
4677,81,60,49,59,64,51
4678,82,59,49,59,64,51
4679,82,60,49,59,64,51
4680,81,61,50,60,64,52
4681,80,60,50,60,63,52
4682,79,61,49,60,62,51
4683,78,61,49,60,61,51
4684,77,60,48,60,60,51
4685,77,61,49,60,60,52
4686,76,62,49,61,61,52
4687,75,61,49,60,61,52
4688,74,62,50,61,61,53
4689,73,61,51,61,60,53
4690,72,60,51,60,60,53
4691,72,60,51,61,60,53
4692,71,60,51,61,60,53
4693,70,60,51,61,60,53
4694,70,60,51,61,61,53
4695,69,60,51,61,61,53