Position,Coverage,rPM
1,0,0
2,0,0
3,4,0.049074937
4,4,0.049074937
5,4,0.049074937
6,4,0.049074937
7,5,0.061343672
8,5,0.061343672
9,5,0.061343672
10,5,0.061343672
11,5,0.061343672
12,5,0.061343672
13,5,0.061343672
14,5,0.061343672
15,5,0.061343672
16,5,0.061343672
17,5,0.061343672
18,6,0.073612406
19,6,0.073612406
20,6,0.073612406
21,6,0.073612406
22,6,0.073612406
23,6,0.073612406
24,6,0.073612406
25,6,0.073612406
26,6,0.073612406
27,6,0.073612406
28,6,0.073612406
29,6,0.073612406
30,6,0.073612406
31,6,0.073612406
32,6,0.073612406
33,6,0.073612406
34,6,0.073612406
35,6,0.073612406
36,6,0.073612406
37,6,0.073612406
38,6,0.073612406
39,6,0.073612406
40,6,0.073612406
41,6,0.073612406
42,6,0.073612406
43,6,0.073612406
44,6,0.073612406
45,6,0.073612406
46,6,0.073612406
47,6,0.073612406
48,6,0.073612406
49,6,0.073612406
50,6,0.073612406
51,6,0.073612406
52,6,0.073612406
53,6,0.073612406
54,6,0.073612406
55,6,0.073612406
56,6,0.073612406
57,6,0.073612406
58,6,0.073612406
59,6,0.073612406
60,6,0.073612406
61,7,0.085881141
62,7,0.085881141
63,7,0.085881141
64,7,0.085881141
65,7,0.085881141
66,7,0.085881141
67,7,0.085881141
68,7,0.085881141
69,7,0.085881141
70,7,0.085881141
71,7,0.085881141
72,7,0.085881141
73,7,0.085881141
74,7,0.085881141
75,7,0.085881141
76,7,0.085881141
77,7,0.085881141
78,7,0.085881141
79,7,0.085881141
80,7,0.085881141
81,7,0.085881141
82,7,0.085881141
83,7,0.085881141
84,7,0.085881141
85,7,0.085881141
86,7,0.085881141
87,7,0.085881141
88,7,0.085881141
89,7,0.085881141
90,7,0.085881141
91,7,0.085881141
92,7,0.085881141
93,7,0.085881141
94,7,0.085881141
95,7,0.085881141
96,7,0.085881141
97,7,0.085881141
98,7,0.085881141
99,7,0.085881141
100,7,0.085881141
101,7,0.085881141
102,7,0.085881141
103,7,0.085881141
104,7,0.085881141
105,7,0.085881141
106,7,0.085881141
107,7,0.085881141
108,7,0.085881141
109,7,0.085881141
110,7,0.085881141
111,7,0.085881141
112,7,0.085881141
113,7,0.085881141
114,7,0.085881141
115,7,0.085881141
116,7,0.085881141
117,7,0.085881141
118,7,0.085881141
119,7,0.085881141
120,7,0.085881141
121,7,0.085881141
122,7,0.085881141
123,7,0.085881141
124,7,0.085881141
125,7,0.085881141
126,7,0.085881141
127,7,0.085881141
128,7,0.085881141
129,7,0.085881141
130,7,0.085881141
131,7,0.085881141
132,7,0.085881141
133,7,0.085881141
134,7,0.085881141
135,7,0.085881141
136,7,0.085881141
137,7,0.085881141
138,7,0.085881141
139,7,0.085881141
140,7,0.085881141
141,7,0.085881141
142,7,0.085881141
143,7,0.085881141
144,7,0.085881141
145,7,0.085881141
146,7,0.085881141
147,5,0.061343672
148,5,0.061343672
149,3,0.036806203
150,3,0.036806203
151,3,0.036806203
152,4,0.049074937
153,3,0.036806203
154,3,0.036806203
155,4,0.049074937
156,4,0.049074937
157,4,0.049074937
158,4,0.049074937
159,4,0.049074937
160,4,0.049074937
161,4,0.049074937
162,4,0.049074937
163,4,0.049074937
164,3,0.036806203
165,3,0.036806203
166,3,0.036806203
167,3,0.036806203
168,3,0.036806203
169,3,0.036806203
170,3,0.036806203
171,3,0.036806203
172,3,0.036806203
173,3,0.036806203
174,3,0.036806203
175,3,0.036806203
176,3,0.036806203
177,3,0.036806203
178,3,0.036806203
179,3,0.036806203
180,3,0.036806203
181,3,0.036806203
182,3,0.036806203
183,3,0.036806203
184,3,0.036806203
185,3,0.036806203
186,3,0.036806203
187,3,0.036806203
188,3,0.036806203
189,3,0.036806203
190,3,0.036806203
191,5,0.061343672
192,5,0.061343672
193,5,0.061343672
194,5,0.061343672
195,5,0.061343672
196,5,0.061343672
197,5,0.061343672
198,5,0.061343672
199,5,0.061343672
200,5,0.061343672
201,5,0.061343672
202,6,0.073612406
203,6,0.073612406
204,6,0.073612406
205,6,0.073612406
206,6,0.073612406
207,5,0.061343672
208,5,0.061343672
209,5,0.061343672
210,5,0.061343672
211,5,0.061343672
212,5,0.061343672
213,5,0.061343672
214,5,0.061343672
215,5,0.061343672
216,5,0.061343672
217,5,0.061343672
218,5,0.061343672
219,5,0.061343672
220,5,0.061343672
221,5,0.061343672
222,5,0.061343672
223,5,0.061343672
224,5,0.061343672
225,5,0.061343672
226,5,0.061343672
227,5,0.061343672
228,5,0.061343672
229,5,0.061343672
230,5,0.061343672
231,5,0.061343672
232,5,0.061343672
233,5,0.061343672
234,5,0.061343672
235,5,0.061343672
236,5,0.061343672
237,5,0.061343672
238,5,0.061343672
239,5,0.061343672
240,5,0.061343672
241,5,0.061343672
242,5,0.061343672
243,5,0.061343672
244,5,0.061343672
245,5,0.061343672
246,5,0.061343672
247,5,0.061343672
248,5,0.061343672
249,5,0.061343672
250,5,0.061343672
251,5,0.061343672
252,5,0.061343672
253,5,0.061343672
254,5,0.061343672
255,5,0.061343672
256,5,0.061343672
257,5,0.061343672
258,5,0.061343672
259,5,0.061343672
260,5,0.061343672
261,5,0.061343672
262,5,0.061343672
263,5,0.061343672
264,5,0.061343672
265,5,0.061343672
266,6,0.073612406
267,6,0.073612406
268,6,0.073612406
269,6,0.073612406
270,6,0.073612406
271,6,0.073612406
272,6,0.073612406
273,6,0.073612406
274,6,0.073612406
275,6,0.073612406
276,6,0.073612406
277,6,0.073612406
278,6,0.073612406
279,7,0.085881141
280,8,0.098149875
281,8,0.098149875
282,8,0.098149875
283,8,0.098149875
284,8,0.098149875
285,8,0.098149875
286,8,0.098149875
287,8,0.098149875
288,8,0.098149875
289,8,0.098149875
290,9,0.110418609
291,9,0.110418609
292,9,0.110418609
293,9,0.110418609
294,9,0.110418609
295,9,0.110418609
296,9,0.110418609
297,9,0.110418609
298,8,0.098149875
299,9,0.110418609
300,9,0.110418609
301,8,0.098149875
302,9,0.110418609
303,9,0.110418609
304,9,0.110418609
305,9,0.110418609
306,9,0.110418609
307,9,0.110418609
308,9,0.110418609
309,9,0.110418609
310,9,0.110418609
311,9,0.110418609
312,9,0.110418609
313,9,0.110418609
314,9,0.110418609
315,10,0.122687344
316,10,0.122687344
317,10,0.122687344
318,10,0.122687344
319,10,0.122687344
320,10,0.122687344
321,10,0.122687344
322,10,0.122687344
323,10,0.122687344
324,10,0.122687344
325,10,0.122687344
326,10,0.122687344
327,10,0.122687344
328,10,0.122687344
329,10,0.122687344
330,10,0.122687344
331,10,0.122687344
332,10,0.122687344
333,10,0.122687344
334,10,0.122687344
335,10,0.122687344
336,10,0.122687344
337,8,0.098149875
338,8,0.098149875
339,9,0.110418609
340,9,0.110418609
341,9,0.110418609
342,9,0.110418609
343,9,0.110418609
344,9,0.110418609
345,9,0.110418609
346,9,0.110418609
347,9,0.110418609
348,9,0.110418609
349,9,0.110418609
350,9,0.110418609
351,9,0.110418609
352,9,0.110418609
353,9,0.110418609
354,10,0.122687344
355,10,0.122687344
356,10,0.122687344
357,10,0.122687344
358,10,0.122687344
359,10,0.122687344
360,10,0.122687344
361,10,0.122687344
362,10,0.122687344
363,10,0.122687344
364,10,0.122687344
365,10,0.122687344
366,11,0.134956078
367,11,0.134956078
368,11,0.134956078
369,11,0.134956078
370,11,0.134956078
371,11,0.134956078
372,11,0.134956078
373,11,0.134956078
374,11,0.134956078
375,11,0.134956078
376,11,0.134956078
377,11,0.134956078
378,11,0.134956078
379,11,0.134956078
380,13,0.159493547
381,13,0.159493547
382,13,0.159493547
383,13,0.159493547
384,13,0.159493547
385,13,0.159493547
386,13,0.159493547
387,13,0.159493547
388,13,0.159493547
389,13,0.159493547
390,13,0.159493547
391,13,0.159493547
392,13,0.159493547
393,13,0.159493547
394,13,0.159493547
395,13,0.159493547
396,13,0.159493547
397,13,0.159493547
398,13,0.159493547
399,13,0.159493547
400,13,0.159493547
401,13,0.159493547
402,13,0.159493547
403,13,0.159493547
404,13,0.159493547
405,13,0.159493547
406,13,0.159493547
407,13,0.159493547
408,13,0.159493547
409,13,0.159493547
410,13,0.159493547
411,14,0.171762281
412,13,0.159493547
413,13,0.159493547
414,13,0.159493547
415,13,0.159493547
416,13,0.159493547
417,13,0.159493547
418,14,0.171762281
419,14,0.171762281
420,14,0.171762281
421,14,0.171762281
422,15,0.184031015
423,17,0.208568484
424,17,0.208568484
425,16,0.19629975
426,15,0.184031015
427,15,0.184031015
428,15,0.184031015
429,15,0.184031015
430,15,0.184031015
431,15,0.184031015
432,16,0.19629975
433,16,0.19629975
434,16,0.19629975
435,16,0.19629975
436,15,0.184031015
437,16,0.19629975
438,19,0.233105953
439,19,0.233105953
440,19,0.233105953
441,19,0.233105953
442,19,0.233105953
443,19,0.233105953
444,21,0.257643422
445,20,0.245374687
446,20,0.245374687
447,20,0.245374687
448,19,0.233105953
449,20,0.245374687
450,20,0.245374687
451,20,0.245374687
452,20,0.245374687
453,20,0.245374687
454,20,0.245374687
455,20,0.245374687
456,20,0.245374687
457,20,0.245374687
458,20,0.245374687
459,20,0.245374687
460,20,0.245374687
461,19,0.233105953
462,19,0.233105953
463,19,0.233105953
464,19,0.233105953
465,19,0.233105953
466,19,0.233105953
467,19,0.233105953
468,19,0.233105953
469,19,0.233105953
470,19,0.233105953
471,19,0.233105953
472,19,0.233105953
473,19,0.233105953
474,19,0.233105953
475,19,0.233105953
476,19,0.233105953
477,19,0.233105953
478,19,0.233105953
479,19,0.233105953
480,19,0.233105953
481,19,0.233105953
482,19,0.233105953
483,19,0.233105953
484,19,0.233105953
485,18,0.220837218
486,18,0.220837218
487,18,0.220837218
488,18,0.220837218
489,18,0.220837218
490,18,0.220837218
491,18,0.220837218
492,18,0.220837218
493,18,0.220837218
494,17,0.208568484
495,17,0.208568484
496,17,0.208568484
497,18,0.220837218
498,18,0.220837218
499,18,0.220837218
500,17,0.208568484
501,17,0.208568484
502,17,0.208568484
503,17,0.208568484
504,17,0.208568484
505,17,0.208568484
506,19,0.233105953
507,19,0.233105953
508,20,0.245374687
509,21,0.257643422
510,21,0.257643422
511,21,0.257643422
512,20,0.245374687
513,20,0.245374687
514,20,0.245374687
515,20,0.245374687
516,20,0.245374687
517,20,0.245374687
518,20,0.245374687
519,20,0.245374687
520,20,0.245374687
521,20,0.245374687
522,20,0.245374687
523,20,0.245374687
524,20,0.245374687
525,20,0.245374687
526,18,0.220837218
527,18,0.220837218
528,18,0.220837218
529,18,0.220837218
530,18,0.220837218
531,18,0.220837218
532,18,0.220837218
533,18,0.220837218
534,18,0.220837218
535,18,0.220837218
536,18,0.220837218
537,18,0.220837218
538,18,0.220837218
539,18,0.220837218
540,18,0.220837218
541,18,0.220837218
542,18,0.220837218
543,18,0.220837218
544,18,0.220837218
545,18,0.220837218
546,18,0.220837218
547,18,0.220837218
548,18,0.220837218
549,18,0.220837218
550,18,0.220837218
551,18,0.220837218
552,18,0.220837218
553,18,0.220837218
554,18,0.220837218
555,18,0.220837218
556,18,0.220837218
557,18,0.220837218
558,18,0.220837218
559,18,0.220837218
560,18,0.220837218
561,18,0.220837218
562,18,0.220837218
563,18,0.220837218
564,17,0.208568484
565,17,0.208568484
566,17,0.208568484
567,17,0.208568484
568,16,0.19629975
569,14,0.171762281
570,14,0.171762281
571,14,0.171762281
572,14,0.171762281
573,15,0.184031015
574,13,0.159493547
575,13,0.159493547
576,13,0.159493547
577,13,0.159493547
578,12,0.147224812
579,13,0.159493547
580,14,0.171762281
581,14,0.171762281
582,14,0.171762281
583,13,0.159493547
584,12,0.147224812
585,12,0.147224812
586,12,0.147224812
587,12,0.147224812
588,12,0.147224812
589,12,0.147224812
590,11,0.134956078
591,11,0.134956078
592,11,0.134956078
593,11,0.134956078
594,11,0.134956078
595,10,0.122687344
596,11,0.134956078
597,12,0.147224812
598,13,0.159493547
599,13,0.159493547
600,13,0.159493547
601,13,0.159493547
602,13,0.159493547
603,13,0.159493547
604,13,0.159493547
605,13,0.159493547
606,13,0.159493547
607,13,0.159493547
608,13,0.159493547
609,13,0.159493547
610,13,0.159493547
611,13,0.159493547
612,13,0.159493547
613,13,0.159493547
614,14,0.171762281
615,14,0.171762281
616,14,0.171762281
617,14,0.171762281
618,14,0.171762281
619,14,0.171762281
620,14,0.171762281
621,14,0.171762281
622,14,0.171762281
623,15,0.184031015
624,15,0.184031015
625,15,0.184031015
626,15,0.184031015
627,15,0.184031015
628,15,0.184031015
629,15,0.184031015
630,15,0.184031015
631,15,0.184031015
632,15,0.184031015
633,15,0.184031015
634,15,0.184031015
635,15,0.184031015
636,15,0.184031015
637,15,0.184031015
638,15,0.184031015
639,15,0.184031015
640,15,0.184031015
641,15,0.184031015
642,15,0.184031015
643,14,0.171762281
644,14,0.171762281
645,14,0.171762281
646,14,0.171762281
647,14,0.171762281
648,14,0.171762281
649,14,0.171762281
650,14,0.171762281
651,14,0.171762281
652,12,0.147224812
653,12,0.147224812
654,11,0.134956078
655,10,0.122687344
656,10,0.122687344
657,10,0.122687344
658,10,0.122687344
659,10,0.122687344
660,10,0.122687344
661,10,0.122687344
662,10,0.122687344
663,10,0.122687344
664,10,0.122687344
665,10,0.122687344
666,10,0.122687344
667,10,0.122687344
668,10,0.122687344
669,10,0.122687344
670,10,0.122687344
671,10,0.122687344
672,10,0.122687344
673,10,0.122687344
674,10,0.122687344
675,10,0.122687344
676,10,0.122687344
677,10,0.122687344
678,10,0.122687344
679,10,0.122687344
680,10,0.122687344
681,10,0.122687344
682,10,0.122687344
683,10,0.122687344
684,10,0.122687344
685,10,0.122687344
686,10,0.122687344
687,10,0.122687344
688,10,0.122687344
689,10,0.122687344
690,10,0.122687344
691,10,0.122687344
692,10,0.122687344
693,10,0.122687344
694,10,0.122687344
695,10,0.122687344
696,10,0.122687344
697,10,0.122687344
698,10,0.122687344
699,10,0.122687344
700,11,0.134956078
701,11,0.134956078
702,11,0.134956078
703,10,0.122687344
704,10,0.122687344
705,10,0.122687344
706,10,0.122687344
707,12,0.147224812
708,12,0.147224812
709,12,0.147224812
710,12,0.147224812
711,12,0.147224812
712,12,0.147224812
713,12,0.147224812
714,12,0.147224812
715,12,0.147224812
716,12,0.147224812
717,12,0.147224812
718,12,0.147224812
719,11,0.134956078
720,11,0.134956078
721,11,0.134956078
722,11,0.134956078
723,11,0.134956078
724,11,0.134956078
725,10,0.122687344
726,9,0.110418609
727,9,0.110418609
728,9,0.110418609
729,9,0.110418609
730,9,0.110418609
731,9,0.110418609
732,9,0.110418609
733,9,0.110418609
734,9,0.110418609
735,9,0.110418609
736,8,0.098149875
737,8,0.098149875
738,8,0.098149875
739,8,0.098149875
740,8,0.098149875
741,8,0.098149875
742,7,0.085881141
743,6,0.073612406
744,5,0.061343672
745,5,0.061343672
746,5,0.061343672
747,5,0.061343672
748,6,0.073612406
749,6,0.073612406
750,6,0.073612406
751,7,0.085881141
752,7,0.085881141
753,7,0.085881141
754,7,0.085881141
755,7,0.085881141
756,7,0.085881141
757,7,0.085881141
758,7,0.085881141
759,7,0.085881141
760,6,0.073612406
761,6,0.073612406
762,7,0.085881141
763,7,0.085881141
764,7,0.085881141
765,7,0.085881141
766,7,0.085881141
767,7,0.085881141
768,7,0.085881141
769,6,0.073612406
770,6,0.073612406
771,6,0.073612406
772,6,0.073612406
773,6,0.073612406
774,6,0.073612406
775,6,0.073612406
776,6,0.073612406
777,6,0.073612406
778,6,0.073612406
779,6,0.073612406
780,6,0.073612406
781,6,0.073612406
782,6,0.073612406
783,6,0.073612406
784,6,0.073612406
785,6,0.073612406
786,6,0.073612406
787,6,0.073612406
788,6,0.073612406
789,6,0.073612406
790,6,0.073612406
791,6,0.073612406
792,6,0.073612406
793,6,0.073612406
794,6,0.073612406
795,6,0.073612406
796,6,0.073612406
797,6,0.073612406
798,6,0.073612406
799,6,0.073612406
800,6,0.073612406
801,6,0.073612406
802,6,0.073612406
803,6,0.073612406
804,6,0.073612406
805,6,0.073612406
806,6,0.073612406
807,6,0.073612406
808,6,0.073612406
809,6,0.073612406
810,6,0.073612406
811,6,0.073612406
812,6,0.073612406
813,6,0.073612406
814,6,0.073612406
815,6,0.073612406
816,6,0.073612406
817,6,0.073612406
818,6,0.073612406
819,6,0.073612406
820,6,0.073612406
821,6,0.073612406
822,6,0.073612406
823,6,0.073612406
824,6,0.073612406
825,6,0.073612406
826,6,0.073612406
827,6,0.073612406
828,6,0.073612406
829,6,0.073612406
830,6,0.073612406
831,6,0.073612406
832,6,0.073612406
833,6,0.073612406
834,6,0.073612406
835,6,0.073612406
836,6,0.073612406
837,6,0.073612406
838,6,0.073612406
839,6,0.073612406
840,6,0.073612406
841,6,0.073612406
842,6,0.073612406
843,6,0.073612406
844,6,0.073612406
845,6,0.073612406
846,5,0.061343672
847,5,0.061343672
848,5,0.061343672
849,5,0.061343672
850,5,0.061343672
851,5,0.061343672
852,5,0.061343672
853,3,0.036806203
854,3,0.036806203
855,3,0.036806203
856,3,0.036806203
857,3,0.036806203
858,3,0.036806203
859,3,0.036806203
860,3,0.036806203
861,5,0.061343672
862,5,0.061343672
863,5,0.061343672
864,5,0.061343672
865,5,0.061343672
866,5,0.061343672
867,5,0.061343672
868,5,0.061343672
869,5,0.061343672
870,5,0.061343672
871,5,0.061343672
872,5,0.061343672
873,5,0.061343672
874,5,0.061343672
875,5,0.061343672
876,5,0.061343672
877,5,0.061343672
878,5,0.061343672
879,5,0.061343672
880,5,0.061343672
881,5,0.061343672
882,5,0.061343672
883,5,0.061343672
884,5,0.061343672
885,5,0.061343672
886,5,0.061343672
887,5,0.061343672
888,5,0.061343672
889,5,0.061343672
890,7,0.085881141
891,7,0.085881141
892,7,0.085881141
893,7,0.085881141
894,6,0.073612406
895,6,0.073612406
896,6,0.073612406
897,5,0.061343672
898,5,0.061343672
899,5,0.061343672
900,5,0.061343672
901,5,0.061343672
902,5,0.061343672
903,6,0.073612406
904,6,0.073612406
905,9,0.110418609
906,9,0.110418609
907,9,0.110418609
908,8,0.098149875
909,8,0.098149875
910,8,0.098149875
911,8,0.098149875
912,10,0.122687344
913,10,0.122687344
914,10,0.122687344
915,10,0.122687344
916,10,0.122687344
917,10,0.122687344
918,10,0.122687344
919,10,0.122687344
920,10,0.122687344
921,11,0.134956078
922,11,0.134956078
923,12,0.147224812
924,12,0.147224812
925,12,0.147224812
926,12,0.147224812
927,12,0.147224812
928,12,0.147224812
929,12,0.147224812
930,12,0.147224812
931,12,0.147224812
932,12,0.147224812
933,12,0.147224812
934,12,0.147224812
935,12,0.147224812
936,12,0.147224812
937,12,0.147224812
938,12,0.147224812
939,12,0.147224812
940,12,0.147224812
941,12,0.147224812
942,12,0.147224812
943,12,0.147224812
944,12,0.147224812
945,12,0.147224812
946,12,0.147224812
947,12,0.147224812
948,12,0.147224812
949,12,0.147224812
950,12,0.147224812
951,12,0.147224812
952,12,0.147224812
953,13,0.159493547
954,13,0.159493547
955,13,0.159493547
956,14,0.171762281
957,14,0.171762281
958,14,0.171762281
959,15,0.184031015
960,15,0.184031015
961,15,0.184031015
962,15,0.184031015
963,15,0.184031015
964,15,0.184031015
965,15,0.184031015
966,16,0.19629975
967,16,0.19629975
968,16,0.19629975
969,16,0.19629975
970,16,0.19629975
971,17,0.208568484
972,17,0.208568484
973,17,0.208568484
974,17,0.208568484
975,17,0.208568484
976,17,0.208568484
977,17,0.208568484
978,17,0.208568484
979,17,0.208568484
980,17,0.208568484
981,17,0.208568484
982,17,0.208568484
983,17,0.208568484
984,17,0.208568484
985,17,0.208568484
986,17,0.208568484
987,17,0.208568484
988,17,0.208568484
989,17,0.208568484
990,17,0.208568484
991,17,0.208568484
992,17,0.208568484
993,17,0.208568484
994,17,0.208568484
995,19,0.233105953
996,19,0.233105953
997,19,0.233105953
998,19,0.233105953
999,19,0.233105953
1000,19,0.233105953
1001,19,0.233105953
1002,19,0.233105953
1003,19,0.233105953
1004,19,0.233105953
1005,19,0.233105953
1006,19,0.233105953
1007,17,0.208568484
1008,17,0.208568484
1009,17,0.208568484
1010,17,0.208568484
1011,17,0.208568484
1012,17,0.208568484
1013,17,0.208568484
1014,17,0.208568484
1015,15,0.184031015
1016,15,0.184031015
1017,15,0.184031015
1018,15,0.184031015
1019,15,0.184031015
1020,15,0.184031015
1021,15,0.184031015
1022,15,0.184031015
1023,15,0.184031015
1024,15,0.184031015
1025,15,0.184031015
1026,15,0.184031015
1027,15,0.184031015
1028,15,0.184031015
1029,15,0.184031015
1030,15,0.184031015
1031,15,0.184031015
1032,15,0.184031015
1033,15,0.184031015
1034,15,0.184031015
1035,15,0.184031015
1036,13,0.159493547
1037,13,0.159493547
1038,13,0.159493547
1039,13,0.159493547
1040,13,0.159493547
1041,13,0.159493547
1042,13,0.159493547
1043,13,0.159493547
1044,13,0.159493547
1045,13,0.159493547
1046,13,0.159493547
1047,13,0.159493547
1048,13,0.159493547
1049,14,0.171762281
1050,14,0.171762281
1051,13,0.159493547
1052,13,0.159493547
1053,14,0.171762281
1054,14,0.171762281
1055,14,0.171762281
1056,14,0.171762281
1057,14,0.171762281
1058,12,0.147224812
1059,12,0.147224812
1060,12,0.147224812
1061,12,0.147224812
1062,12,0.147224812
1063,12,0.147224812
1064,12,0.147224812
1065,12,0.147224812
1066,12,0.147224812
1067,11,0.134956078
1068,11,0.134956078
1069,10,0.122687344
1070,10,0.122687344
1071,10,0.122687344
1072,10,0.122687344
1073,10,0.122687344
1074,10,0.122687344
1075,10,0.122687344
1076,10,0.122687344
1077,10,0.122687344
1078,10,0.122687344
1079,11,0.134956078
1080,11,0.134956078
1081,11,0.134956078
1082,11,0.134956078
1083,11,0.134956078
1084,11,0.134956078
1085,11,0.134956078
1086,11,0.134956078
1087,11,0.134956078
1088,11,0.134956078
1089,11,0.134956078
1090,11,0.134956078
1091,11,0.134956078
1092,11,0.134956078
1093,11,0.134956078
1094,11,0.134956078
1095,11,0.134956078
1096,11,0.134956078
1097,11,0.134956078
1098,11,0.134956078
1099,10,0.122687344
1100,10,0.122687344
1101,10,0.122687344
1102,9,0.110418609
1103,9,0.110418609
1104,9,0.110418609
1105,8,0.098149875
1106,8,0.098149875
1107,8,0.098149875
1108,8,0.098149875
1109,8,0.098149875
1110,8,0.098149875
1111,8,0.098149875
1112,7,0.085881141
1113,7,0.085881141
1114,8,0.098149875
1115,8,0.098149875
1116,8,0.098149875
1117,7,0.085881141
1118,7,0.085881141
1119,7,0.085881141
1120,7,0.085881141
1121,8,0.098149875
1122,9,0.110418609
1123,9,0.110418609
1124,9,0.110418609
1125,9,0.110418609
1126,9,0.110418609
1127,9,0.110418609
1128,9,0.110418609
1129,9,0.110418609
1130,9,0.110418609
1131,10,0.122687344
1132,11,0.134956078
1133,11,0.134956078
1134,11,0.134956078
1135,11,0.134956078
1136,11,0.134956078
1137,11,0.134956078
1138,11,0.134956078
1139,11,0.134956078
1140,12,0.147224812
1141,11,0.134956078
1142,13,0.159493547
1143,13,0.159493547
1144,13,0.159493547
1145,13,0.159493547
1146,13,0.159493547
1147,13,0.159493547
1148,13,0.159493547
1149,13,0.159493547
1150,13,0.159493547
1151,13,0.159493547
1152,13,0.159493547
1153,13,0.159493547
1154,13,0.159493547
1155,13,0.159493547
1156,13,0.159493547
1157,13,0.159493547
1158,14,0.171762281
1159,14,0.171762281
1160,14,0.171762281
1161,14,0.171762281
1162,14,0.171762281
1163,14,0.171762281
1164,14,0.171762281
1165,14,0.171762281
1166,14,0.171762281
1167,14,0.171762281
1168,14,0.171762281
1169,14,0.171762281
1170,14,0.171762281
1171,14,0.171762281
1172,14,0.171762281
1173,14,0.171762281
1174,14,0.171762281
1175,14,0.171762281
1176,14,0.171762281
1177,14,0.171762281
1178,14,0.171762281
1179,14,0.171762281
1180,14,0.171762281
1181,14,0.171762281
1182,14,0.171762281
1183,14,0.171762281
1184,14,0.171762281
1185,14,0.171762281
1186,14,0.171762281
1187,14,0.171762281
1188,14,0.171762281
1189,14,0.171762281
1190,14,0.171762281
1191,14,0.171762281
1192,14,0.171762281
1193,14,0.171762281
1194,14,0.171762281
1195,12,0.147224812
1196,12,0.147224812
1197,12,0.147224812
1198,12,0.147224812
1199,11,0.134956078
1200,11,0.134956078
1201,11,0.134956078
1202,11,0.134956078
1203,11,0.134956078
1204,11,0.134956078
1205,11,0.134956078
1206,11,0.134956078
1207,11,0.134956078
1208,11,0.134956078
1209,11,0.134956078
1210,11,0.134956078
1211,11,0.134956078
1212,11,0.134956078
1213,11,0.134956078
1214,11,0.134956078
1215,11,0.134956078
1216,11,0.134956078
1217,11,0.134956078
1218,11,0.134956078
1219,11,0.134956078
1220,11,0.134956078
1221,11,0.134956078
1222,11,0.134956078
1223,11,0.134956078
1224,11,0.134956078
1225,12,0.147224812
1226,12,0.147224812
1227,12,0.147224812
1228,12,0.147224812
1229,12,0.147224812
1230,12,0.147224812
1231,12,0.147224812
1232,12,0.147224812
1233,12,0.147224812
1234,12,0.147224812
1235,12,0.147224812
1236,12,0.147224812
1237,12,0.147224812
1238,12,0.147224812
1239,12,0.147224812
1240,12,0.147224812
1241,12,0.147224812
1242,12,0.147224812
1243,12,0.147224812
1244,12,0.147224812
1245,12,0.147224812
1246,12,0.147224812
1247,13,0.159493547
1248,13,0.159493547
1249,13,0.159493547
1250,13,0.159493547
1251,13,0.159493547
1252,13,0.159493547
1253,13,0.159493547
1254,13,0.159493547
1255,13,0.159493547
1256,13,0.159493547
1257,13,0.159493547
1258,13,0.159493547
1259,13,0.159493547
1260,12,0.147224812
1261,12,0.147224812
1262,12,0.147224812
1263,12,0.147224812
1264,12,0.147224812
1265,12,0.147224812
1266,12,0.147224812
1267,11,0.134956078
1268,10,0.122687344
1269,10,0.122687344
1270,10,0.122687344
1271,10,0.122687344
1272,10,0.122687344
1273,10,0.122687344
1274,10,0.122687344
1275,10,0.122687344
1276,10,0.122687344
1277,9,0.110418609
1278,8,0.098149875
1279,8,0.098149875
1280,8,0.098149875
1281,8,0.098149875
1282,8,0.098149875
1283,8,0.098149875
1284,8,0.098149875
1285,8,0.098149875
1286,7,0.085881141
1287,6,0.073612406
1288,4,0.049074937
1289,4,0.049074937
1290,4,0.049074937
1291,4,0.049074937
1292,4,0.049074937
1293,4,0.049074937
1294,4,0.049074937
1295,4,0.049074937
1296,4,0.049074937
1297,4,0.049074937
1298,4,0.049074937
1299,4,0.049074937
1300,4,0.049074937
1301,4,0.049074937
1302,4,0.049074937
1303,4,0.049074937
1304,3,0.036806203
1305,3,0.036806203
1306,3,0.036806203
1307,3,0.036806203
1308,3,0.036806203
1309,3,0.036806203
1310,3,0.036806203
1311,3,0.036806203
1312,3,0.036806203
1313,3,0.036806203
1314,3,0.036806203
1315,3,0.036806203
1316,3,0.036806203
1317,3,0.036806203
1318,3,0.036806203
1319,3,0.036806203
1320,3,0.036806203
1321,3,0.036806203
1322,3,0.036806203
1323,3,0.036806203
1324,3,0.036806203
1325,3,0.036806203
1326,3,0.036806203
1327,3,0.036806203
1328,3,0.036806203
1329,3,0.036806203
1330,3,0.036806203
1331,3,0.036806203
1332,5,0.061343672
1333,5,0.061343672
1334,5,0.061343672
1335,5,0.061343672
1336,5,0.061343672
1337,6,0.073612406
1338,6,0.073612406
1339,6,0.073612406
1340,7,0.085881141
1341,7,0.085881141
1342,7,0.085881141
1343,7,0.085881141
1344,7,0.085881141
1345,7,0.085881141
1346,7,0.085881141
1347,7,0.085881141
1348,7,0.085881141
1349,7,0.085881141
1350,7,0.085881141
1351,7,0.085881141
1352,7,0.085881141
1353,7,0.085881141
1354,7,0.085881141
1355,7,0.085881141
1356,7,0.085881141
1357,7,0.085881141
1358,7,0.085881141
1359,7,0.085881141
1360,7,0.085881141
1361,7,0.085881141
1362,7,0.085881141
1363,7,0.085881141
1364,7,0.085881141
1365,7,0.085881141
1366,7,0.085881141
1367,7,0.085881141
1368,7,0.085881141
1369,7,0.085881141
1370,7,0.085881141
1371,5,0.061343672
1372,5,0.061343672
1373,5,0.061343672
1374,5,0.061343672
1375,5,0.061343672
1376,5,0.061343672
1377,5,0.061343672
1378,6,0.073612406
1379,6,0.073612406
1380,6,0.073612406
1381,6,0.073612406
1382,6,0.073612406
1383,6,0.073612406
1384,6,0.073612406
1385,6,0.073612406
1386,6,0.073612406
1387,7,0.085881141
1388,7,0.085881141
1389,7,0.085881141
1390,7,0.085881141
1391,7,0.085881141
1392,7,0.085881141
1393,6,0.073612406
1394,7,0.085881141
1395,8,0.098149875
1396,8,0.098149875
1397,11,0.134956078
1398,11,0.134956078
1399,11,0.134956078
1400,12,0.147224812
1401,13,0.159493547
1402,13,0.159493547
1403,13,0.159493547
1404,13,0.159493547
1405,13,0.159493547
1406,13,0.159493547
1407,13,0.159493547
1408,13,0.159493547
1409,13,0.159493547
1410,13,0.159493547
1411,13,0.159493547
1412,13,0.159493547
1413,13,0.159493547
1414,13,0.159493547
1415,13,0.159493547
1416,13,0.159493547
1417,13,0.159493547
1418,13,0.159493547
1419,13,0.159493547
1420,13,0.159493547
1421,14,0.171762281
1422,14,0.171762281
1423,14,0.171762281
1424,17,0.208568484
1425,17,0.208568484
1426,17,0.208568484
1427,17,0.208568484
1428,17,0.208568484
1429,17,0.208568484
1430,17,0.208568484
1431,17,0.208568484
1432,17,0.208568484
1433,17,0.208568484
1434,17,0.208568484
1435,17,0.208568484
1436,17,0.208568484
1437,17,0.208568484
1438,17,0.208568484
1439,17,0.208568484
1440,17,0.208568484
1441,17,0.208568484
1442,17,0.208568484
1443,18,0.220837218
1444,19,0.233105953
1445,19,0.233105953
1446,19,0.233105953
1447,19,0.233105953
1448,19,0.233105953
1449,19,0.233105953
1450,19,0.233105953
1451,19,0.233105953
1452,19,0.233105953
1453,19,0.233105953
1454,20,0.245374687
1455,20,0.245374687
1456,20,0.245374687
1457,20,0.245374687
1458,20,0.245374687
1459,20,0.245374687
1460,20,0.245374687
1461,20,0.245374687
1462,20,0.245374687
1463,20,0.245374687
1464,20,0.245374687
1465,20,0.245374687
1466,20,0.245374687
1467,20,0.245374687
1468,20,0.245374687
1469,20,0.245374687
1470,20,0.245374687
1471,20,0.245374687
1472,20,0.245374687
1473,20,0.245374687
1474,20,0.245374687
1475,20,0.245374687
1476,20,0.245374687
1477,20,0.245374687
1478,20,0.245374687
1479,18,0.220837218
1480,18,0.220837218
1481,18,0.220837218
1482,18,0.220837218
1483,18,0.220837218
1484,17,0.208568484
1485,17,0.208568484
1486,17,0.208568484
1487,16,0.19629975
1488,16,0.19629975
1489,16,0.19629975
1490,16,0.19629975
1491,16,0.19629975
1492,16,0.19629975
1493,16,0.19629975
1494,16,0.19629975
1495,16,0.19629975
1496,16,0.19629975
1497,16,0.19629975
1498,17,0.208568484
1499,17,0.208568484
1500,17,0.208568484
1501,17,0.208568484
1502,17,0.208568484
1503,17,0.208568484
1504,17,0.208568484
1505,17,0.208568484
1506,17,0.208568484
1507,17,0.208568484
1508,17,0.208568484
1509,17,0.208568484
1510,17,0.208568484
1511,17,0.208568484
1512,17,0.208568484
1513,17,0.208568484
1514,17,0.208568484
1515,17,0.208568484
1516,17,0.208568484
1517,17,0.208568484
1518,17,0.208568484
1519,17,0.208568484
1520,17,0.208568484
1521,17,0.208568484
1522,17,0.208568484
1523,17,0.208568484
1524,17,0.208568484
1525,16,0.19629975
1526,16,0.19629975
1527,16,0.19629975
1528,16,0.19629975
1529,16,0.19629975
1530,16,0.19629975
1531,16,0.19629975
1532,16,0.19629975
1533,16,0.19629975
1534,15,0.184031015
1535,15,0.184031015
1536,16,0.19629975
1537,16,0.19629975
1538,16,0.19629975
1539,16,0.19629975
1540,16,0.19629975
1541,15,0.184031015
1542,14,0.171762281
1543,14,0.171762281
1544,11,0.134956078
1545,11,0.134956078
1546,11,0.134956078
1547,10,0.122687344
1548,9,0.110418609
1549,9,0.110418609
1550,9,0.110418609
1551,9,0.110418609
1552,9,0.110418609
1553,9,0.110418609
1554,9,0.110418609
1555,9,0.110418609
1556,12,0.147224812
1557,12,0.147224812
1558,12,0.147224812
1559,12,0.147224812
1560,12,0.147224812
1561,12,0.147224812
1562,12,0.147224812
1563,12,0.147224812
1564,12,0.147224812
1565,12,0.147224812
1566,12,0.147224812
1567,11,0.134956078
1568,11,0.134956078
1569,11,0.134956078
1570,11,0.134956078
1571,8,0.098149875
1572,8,0.098149875
1573,8,0.098149875
1574,8,0.098149875
1575,8,0.098149875
1576,8,0.098149875
1577,8,0.098149875
1578,8,0.098149875
1579,8,0.098149875
1580,8,0.098149875
1581,8,0.098149875
1582,8,0.098149875
1583,8,0.098149875
1584,8,0.098149875
1585,8,0.098149875
1586,8,0.098149875
1587,8,0.098149875
1588,8,0.098149875
1589,7,0.085881141
1590,6,0.073612406
1591,6,0.073612406
1592,6,0.073612406
1593,6,0.073612406
1594,6,0.073612406
1595,6,0.073612406
1596,6,0.073612406
1597,6,0.073612406
1598,6,0.073612406
1599,6,0.073612406
1600,5,0.061343672
1601,5,0.061343672
1602,5,0.061343672
1603,5,0.061343672
1604,5,0.061343672
1605,5,0.061343672
1606,5,0.061343672
1607,5,0.061343672
1608,8,0.098149875
1609,8,0.098149875
1610,8,0.098149875
1611,8,0.098149875
1612,8,0.098149875
1613,8,0.098149875
1614,8,0.098149875
1615,8,0.098149875
1616,8,0.098149875
1617,8,0.098149875
1618,8,0.098149875
1619,9,0.110418609
1620,10,0.122687344
1621,10,0.122687344
1622,10,0.122687344
1623,10,0.122687344
1624,10,0.122687344
1625,10,0.122687344
1626,10,0.122687344
1627,10,0.122687344
1628,10,0.122687344
1629,10,0.122687344
1630,13,0.159493547
1631,13,0.159493547
1632,13,0.159493547
1633,13,0.159493547
1634,13,0.159493547
1635,13,0.159493547
1636,13,0.159493547
1637,13,0.159493547
1638,13,0.159493547
1639,13,0.159493547
1640,13,0.159493547
1641,13,0.159493547
1642,13,0.159493547
1643,13,0.159493547
1644,12,0.147224812
1645,12,0.147224812
1646,12,0.147224812
1647,15,0.184031015
1648,15,0.184031015
1649,15,0.184031015
1650,15,0.184031015
1651,15,0.184031015
1652,15,0.184031015
1653,15,0.184031015
1654,15,0.184031015
1655,15,0.184031015
1656,15,0.184031015
1657,15,0.184031015
1658,15,0.184031015
1659,15,0.184031015
1660,15,0.184031015
1661,15,0.184031015
1662,15,0.184031015
1663,15,0.184031015
1664,15,0.184031015
1665,15,0.184031015
1666,15,0.184031015
1667,15,0.184031015
1668,15,0.184031015
1669,15,0.184031015
1670,15,0.184031015
1671,15,0.184031015
1672,15,0.184031015
1673,15,0.184031015
1674,16,0.19629975
1675,16,0.19629975
1676,16,0.19629975
1677,16,0.19629975
1678,16,0.19629975
1679,16,0.19629975
1680,16,0.19629975
1681,16,0.19629975
1682,16,0.19629975
1683,16,0.19629975
1684,16,0.19629975
1685,16,0.19629975
1686,16,0.19629975
1687,16,0.19629975
1688,16,0.19629975
1689,16,0.19629975
1690,16,0.19629975
1691,16,0.19629975
1692,17,0.208568484
1693,17,0.208568484
1694,17,0.208568484
1695,17,0.208568484
1696,17,0.208568484
1697,17,0.208568484
1698,17,0.208568484
1699,17,0.208568484
1700,17,0.208568484
1701,17,0.208568484
1702,14,0.171762281
1703,15,0.184031015
1704,15,0.184031015
1705,15,0.184031015
1706,15,0.184031015
1707,15,0.184031015
1708,15,0.184031015
1709,15,0.184031015
1710,15,0.184031015
1711,16,0.19629975
1712,16,0.19629975
1713,16,0.19629975
1714,16,0.19629975
1715,16,0.19629975
1716,16,0.19629975
1717,16,0.19629975
1718,16,0.19629975
1719,16,0.19629975
1720,16,0.19629975
1721,16,0.19629975
1722,16,0.19629975
1723,16,0.19629975
1724,16,0.19629975
1725,16,0.19629975
1726,16,0.19629975
1727,16,0.19629975
1728,16,0.19629975
1729,16,0.19629975
1730,16,0.19629975
1731,16,0.19629975
1732,16,0.19629975
1733,18,0.220837218
1734,18,0.220837218
1735,18,0.220837218
1736,18,0.220837218
1737,18,0.220837218
1738,19,0.233105953
1739,19,0.233105953
1740,19,0.233105953
1741,19,0.233105953
1742,19,0.233105953
1743,19,0.233105953
1744,19,0.233105953
1745,19,0.233105953
1746,19,0.233105953
1747,19,0.233105953
1748,19,0.233105953
1749,19,0.233105953
1750,19,0.233105953
1751,19,0.233105953
1752,19,0.233105953
1753,19,0.233105953
1754,16,0.19629975
1755,16,0.19629975
1756,16,0.19629975
1757,16,0.19629975
1758,16,0.19629975
1759,16,0.19629975
1760,16,0.19629975
1761,16,0.19629975
1762,16,0.19629975
1763,16,0.19629975
1764,16,0.19629975
1765,15,0.184031015
1766,14,0.171762281
1767,14,0.171762281
1768,14,0.171762281
1769,14,0.171762281
1770,14,0.171762281
1771,14,0.171762281
1772,14,0.171762281
1773,15,0.184031015
1774,15,0.184031015
1775,15,0.184031015
1776,12,0.147224812
1777,12,0.147224812
1778,12,0.147224812
1779,12,0.147224812
1780,12,0.147224812
1781,12,0.147224812
1782,12,0.147224812
1783,12,0.147224812
1784,12,0.147224812
1785,12,0.147224812
1786,12,0.147224812
1787,12,0.147224812
1788,12,0.147224812
1789,12,0.147224812
1790,12,0.147224812
1791,12,0.147224812
1792,12,0.147224812
1793,9,0.110418609
1794,9,0.110418609
1795,9,0.110418609
1796,9,0.110418609
1797,9,0.110418609
1798,9,0.110418609
1799,9,0.110418609
1800,9,0.110418609
1801,10,0.122687344
1802,10,0.122687344
1803,10,0.122687344
1804,10,0.122687344
1805,10,0.122687344
1806,10,0.122687344
1807,10,0.122687344
1808,10,0.122687344
1809,10,0.122687344
1810,10,0.122687344
1811,10,0.122687344
1812,10,0.122687344
1813,10,0.122687344
1814,10,0.122687344
1815,10,0.122687344
1816,10,0.122687344
1817,10,0.122687344
1818,10,0.122687344
1819,10,0.122687344
1820,9,0.110418609
1821,9,0.110418609
1822,9,0.110418609
1823,9,0.110418609
1824,9,0.110418609
1825,9,0.110418609
1826,9,0.110418609
1827,9,0.110418609
1828,8,0.098149875
1829,9,0.110418609
1830,10,0.122687344
1831,10,0.122687344
1832,10,0.122687344
1833,10,0.122687344
1834,10,0.122687344
1835,10,0.122687344
1836,10,0.122687344
1837,11,0.134956078
1838,11,0.134956078
1839,11,0.134956078
1840,11,0.134956078
1841,11,0.134956078
1842,11,0.134956078
1843,11,0.134956078
1844,11,0.134956078
1845,11,0.134956078
1846,11,0.134956078
1847,11,0.134956078
1848,11,0.134956078
1849,11,0.134956078
1850,11,0.134956078
1851,11,0.134956078
1852,12,0.147224812
1853,12,0.147224812
1854,12,0.147224812
1855,12,0.147224812
1856,12,0.147224812
1857,11,0.134956078
1858,11,0.134956078
1859,12,0.147224812
1860,12,0.147224812
1861,12,0.147224812
1862,12,0.147224812
1863,12,0.147224812
1864,12,0.147224812
1865,12,0.147224812
1866,13,0.159493547
1867,13,0.159493547
1868,13,0.159493547
1869,13,0.159493547
1870,13,0.159493547
1871,13,0.159493547
1872,13,0.159493547
1873,13,0.159493547
1874,13,0.159493547
1875,13,0.159493547
1876,13,0.159493547
1877,13,0.159493547
1878,13,0.159493547
1879,11,0.134956078
1880,12,0.147224812
1881,12,0.147224812
1882,12,0.147224812
1883,12,0.147224812
1884,11,0.134956078
1885,11,0.134956078
1886,11,0.134956078
1887,11,0.134956078
1888,11,0.134956078
1889,11,0.134956078
1890,11,0.134956078
1891,11,0.134956078
1892,11,0.134956078
1893,11,0.134956078
1894,11,0.134956078
1895,11,0.134956078
1896,11,0.134956078
1897,11,0.134956078
1898,11,0.134956078
1899,11,0.134956078
1900,11,0.134956078
1901,11,0.134956078
1902,11,0.134956078
1903,11,0.134956078
1904,11,0.134956078
1905,11,0.134956078
1906,11,0.134956078
1907,11,0.134956078
1908,11,0.134956078
1909,11,0.134956078
1910,11,0.134956078
1911,11,0.134956078
1912,11,0.134956078
1913,11,0.134956078
1914,11,0.134956078
1915,11,0.134956078
1916,11,0.134956078
1917,12,0.147224812
1918,12,0.147224812
1919,11,0.134956078
1920,12,0.147224812
1921,12,0.147224812
1922,15,0.184031015
1923,15,0.184031015
1924,15,0.184031015
1925,15,0.184031015
1926,15,0.184031015
1927,15,0.184031015
1928,16,0.19629975
1929,16,0.19629975
1930,16,0.19629975
1931,18,0.220837218
1932,18,0.220837218
1933,18,0.220837218
1934,18,0.220837218
1935,18,0.220837218
1936,18,0.220837218
1937,18,0.220837218
1938,18,0.220837218
1939,18,0.220837218
1940,18,0.220837218
1941,18,0.220837218
1942,18,0.220837218
1943,18,0.220837218
1944,18,0.220837218
1945,18,0.220837218
1946,18,0.220837218
1947,17,0.208568484
1948,17,0.208568484
1949,17,0.208568484
1950,17,0.208568484
1951,17,0.208568484
1952,17,0.208568484
1953,17,0.208568484
1954,17,0.208568484
1955,17,0.208568484
1956,17,0.208568484
1957,17,0.208568484
1958,17,0.208568484
1959,17,0.208568484
1960,17,0.208568484
1961,17,0.208568484
1962,17,0.208568484
1963,17,0.208568484
1964,18,0.220837218
1965,18,0.220837218
1966,18,0.220837218
1967,18,0.220837218
1968,18,0.220837218
1969,18,0.220837218
1970,18,0.220837218
1971,18,0.220837218
1972,18,0.220837218
1973,18,0.220837218
1974,18,0.220837218
1975,17,0.208568484
1976,16,0.19629975
1977,16,0.19629975
1978,16,0.19629975
1979,16,0.19629975
1980,16,0.19629975
1981,16,0.19629975
1982,16,0.19629975
1983,15,0.184031015
1984,14,0.171762281
1985,14,0.171762281
1986,14,0.171762281
1987,14,0.171762281
1988,14,0.171762281
1989,14,0.171762281
1990,14,0.171762281
1991,15,0.184031015
1992,15,0.184031015
1993,15,0.184031015
1994,15,0.184031015
1995,14,0.171762281
1996,14,0.171762281
1997,14,0.171762281
1998,13,0.159493547
1999,13,0.159493547
2000,13,0.159493547
2001,13,0.159493547
2002,13,0.159493547
2003,13,0.159493547
2004,13,0.159493547
2005,12,0.147224812
2006,12,0.147224812
2007,12,0.147224812
2008,12,0.147224812
2009,12,0.147224812
2010,12,0.147224812
2011,12,0.147224812
2012,11,0.134956078
2013,11,0.134956078
2014,11,0.134956078
2015,11,0.134956078
2016,11,0.134956078
2017,11,0.134956078
2018,12,0.147224812
2019,12,0.147224812
2020,15,0.184031015
2021,15,0.184031015
2022,15,0.184031015
2023,17,0.208568484
2024,17,0.208568484
2025,20,0.245374687
2026,19,0.233105953
2027,19,0.233105953
2028,19,0.233105953
2029,20,0.245374687
2030,20,0.245374687
2031,20,0.245374687
2032,20,0.245374687
2033,20,0.245374687
2034,20,0.245374687
2035,20,0.245374687
2036,20,0.245374687
2037,20,0.245374687
2038,20,0.245374687
2039,21,0.257643422
2040,21,0.257643422
2041,21,0.257643422
2042,21,0.257643422
2043,21,0.257643422
2044,21,0.257643422
2045,21,0.257643422
2046,21,0.257643422
2047,21,0.257643422
2048,21,0.257643422
2049,21,0.257643422
2050,21,0.257643422
2051,21,0.257643422
2052,22,0.269912156
2053,22,0.269912156
2054,22,0.269912156
2055,22,0.269912156
2056,22,0.269912156
2057,22,0.269912156
2058,22,0.269912156
2059,22,0.269912156
2060,22,0.269912156
2061,22,0.269912156
2062,22,0.269912156
2063,19,0.233105953
2064,19,0.233105953
2065,19,0.233105953
2066,18,0.220837218
2067,18,0.220837218
2068,18,0.220837218
2069,18,0.220837218
2070,19,0.233105953
2071,19,0.233105953
2072,19,0.233105953
2073,19,0.233105953
2074,18,0.220837218
2075,18,0.220837218
2076,18,0.220837218
2077,16,0.19629975
2078,16,0.19629975
2079,16,0.19629975
2080,16,0.19629975
2081,16,0.19629975
2082,17,0.208568484
2083,17,0.208568484
2084,17,0.208568484
2085,17,0.208568484
2086,17,0.208568484
2087,17,0.208568484
2088,17,0.208568484
2089,17,0.208568484
2090,18,0.220837218
2091,18,0.220837218
2092,18,0.220837218
2093,18,0.220837218
2094,18,0.220837218
2095,18,0.220837218
2096,18,0.220837218
2097,18,0.220837218
2098,18,0.220837218
2099,18,0.220837218
2100,18,0.220837218
2101,18,0.220837218
2102,18,0.220837218
2103,18,0.220837218
2104,18,0.220837218
2105,18,0.220837218
2106,19,0.233105953
2107,19,0.233105953
2108,19,0.233105953
2109,19,0.233105953
2110,20,0.245374687
2111,20,0.245374687
2112,20,0.245374687
2113,20,0.245374687
2114,20,0.245374687
2115,20,0.245374687
2116,20,0.245374687
2117,22,0.269912156
2118,22,0.269912156
2119,23,0.28218089
2120,23,0.28218089
2121,25,0.306718359
2122,25,0.306718359
2123,26,0.318987093
2124,26,0.318987093
2125,26,0.318987093
2126,26,0.318987093
2127,26,0.318987093
2128,26,0.318987093
2129,26,0.318987093
2130,27,0.331255828
2131,27,0.331255828
2132,27,0.331255828
2133,27,0.331255828
2134,28,0.343524562
2135,28,0.343524562
2136,28,0.343524562
2137,29,0.355793296
2138,29,0.355793296
2139,29,0.355793296
2140,29,0.355793296
2141,29,0.355793296
2142,29,0.355793296
2143,29,0.355793296
2144,29,0.355793296
2145,29,0.355793296
2146,29,0.355793296
2147,29,0.355793296
2148,29,0.355793296
2149,29,0.355793296
2150,29,0.355793296
2151,29,0.355793296
2152,29,0.355793296
2153,29,0.355793296
2154,29,0.355793296
2155,29,0.355793296
2156,30,0.368062031
2157,30,0.368062031
2158,30,0.368062031
2159,31,0.380330765
2160,31,0.380330765
2161,31,0.380330765
2162,31,0.380330765
2163,31,0.380330765
2164,30,0.368062031
2165,30,0.368062031
2166,27,0.331255828
2167,27,0.331255828
2168,27,0.331255828
2169,25,0.306718359
2170,25,0.306718359
2171,22,0.269912156
2172,22,0.269912156
2173,22,0.269912156
2174,22,0.269912156
2175,21,0.257643422
2176,21,0.257643422
2177,22,0.269912156
2178,23,0.28218089
2179,23,0.28218089
2180,23,0.28218089
2181,23,0.28218089
2182,24,0.294449625
2183,24,0.294449625
2184,24,0.294449625
2185,23,0.28218089
2186,23,0.28218089
2187,23,0.28218089
2188,23,0.28218089
2189,23,0.28218089
2190,23,0.28218089
2191,23,0.28218089
2192,23,0.28218089
2193,23,0.28218089
2194,23,0.28218089
2195,23,0.28218089
2196,23,0.28218089
2197,23,0.28218089
2198,22,0.269912156
2199,22,0.269912156
2200,22,0.269912156
2201,22,0.269912156
2202,22,0.269912156
2203,22,0.269912156
2204,22,0.269912156
2205,22,0.269912156
2206,23,0.28218089
2207,23,0.28218089
2208,23,0.28218089
2209,23,0.28218089
2210,23,0.28218089
2211,23,0.28218089
2212,23,0.28218089
2213,23,0.28218089
2214,22,0.269912156
2215,22,0.269912156
2216,21,0.257643422
2217,21,0.257643422
2218,21,0.257643422
2219,21,0.257643422
2220,21,0.257643422
2221,21,0.257643422
2222,21,0.257643422
2223,21,0.257643422
2224,21,0.257643422
2225,21,0.257643422
2226,21,0.257643422
2227,23,0.28218089
2228,22,0.269912156
2229,22,0.269912156
2230,22,0.269912156
2231,22,0.269912156
2232,22,0.269912156
2233,22,0.269912156
2234,22,0.269912156
2235,22,0.269912156
2236,21,0.257643422
2237,21,0.257643422
2238,21,0.257643422
2239,21,0.257643422
2240,21,0.257643422
2241,21,0.257643422
2242,21,0.257643422
2243,21,0.257643422
2244,24,0.294449625
2245,24,0.294449625
2246,24,0.294449625
2247,25,0.306718359
2248,25,0.306718359
2249,28,0.343524562
2250,29,0.355793296
2251,29,0.355793296
2252,31,0.380330765
2253,31,0.380330765
2254,31,0.380330765
2255,32,0.392599499
2256,30,0.368062031
2257,30,0.368062031
2258,30,0.368062031
2259,30,0.368062031
2260,28,0.343524562
2261,28,0.343524562
2262,29,0.355793296
2263,27,0.331255828
2264,27,0.331255828
2265,26,0.318987093
2266,26,0.318987093
2267,26,0.318987093
2268,26,0.318987093
2269,26,0.318987093
2270,26,0.318987093
2271,26,0.318987093
2272,26,0.318987093
2273,26,0.318987093
2274,26,0.318987093
2275,26,0.318987093
2276,25,0.306718359
2277,25,0.306718359
2278,25,0.306718359
2279,25,0.306718359
2280,24,0.294449625
2281,24,0.294449625
2282,24,0.294449625
2283,22,0.269912156
2284,22,0.269912156
2285,22,0.269912156
2286,22,0.269912156
2287,22,0.269912156
2288,22,0.269912156
2289,22,0.269912156
2290,22,0.269912156
2291,22,0.269912156
2292,22,0.269912156
2293,22,0.269912156
2294,22,0.269912156
2295,22,0.269912156
2296,22,0.269912156
2297,22,0.269912156
2298,22,0.269912156
2299,22,0.269912156
2300,23,0.28218089
2301,24,0.294449625
2302,23,0.28218089
2303,23,0.28218089
2304,24,0.294449625
2305,23,0.28218089
2306,23,0.28218089
2307,23,0.28218089
2308,23,0.28218089
2309,23,0.28218089
2310,23,0.28218089
2311,24,0.294449625
2312,25,0.306718359
2313,25,0.306718359
2314,25,0.306718359
2315,25,0.306718359
2316,25,0.306718359
2317,25,0.306718359
2318,25,0.306718359
2319,25,0.306718359
2320,25,0.306718359
2321,25,0.306718359
2322,25,0.306718359
2323,24,0.294449625
2324,23,0.28218089
2325,23,0.28218089
2326,23,0.28218089
2327,23,0.28218089
2328,22,0.269912156
2329,22,0.269912156
2330,22,0.269912156
2331,22,0.269912156
2332,23,0.28218089
2333,23,0.28218089
2334,23,0.28218089
2335,23,0.28218089
2336,23,0.28218089
2337,23,0.28218089
2338,23,0.28218089
2339,23,0.28218089
2340,23,0.28218089
2341,23,0.28218089
2342,23,0.28218089
2343,26,0.318987093
2344,26,0.318987093
2345,27,0.331255828
2346,27,0.331255828
2347,27,0.331255828
2348,27,0.331255828
2349,27,0.331255828
2350,27,0.331255828
2351,27,0.331255828
2352,26,0.318987093
2353,26,0.318987093
2354,26,0.318987093
2355,26,0.318987093
2356,26,0.318987093
2357,26,0.318987093
2358,26,0.318987093
2359,26,0.318987093
2360,27,0.331255828
2361,27,0.331255828
2362,27,0.331255828
2363,27,0.331255828
2364,27,0.331255828
2365,29,0.355793296
2366,29,0.355793296
2367,29,0.355793296
2368,29,0.355793296
2369,29,0.355793296
2370,29,0.355793296
2371,29,0.355793296
2372,29,0.355793296
2373,27,0.331255828
2374,27,0.331255828
2375,27,0.331255828
2376,27,0.331255828
2377,27,0.331255828
2378,27,0.331255828
2379,27,0.331255828
2380,27,0.331255828
2381,27,0.331255828
2382,27,0.331255828
2383,27,0.331255828
2384,27,0.331255828
2385,27,0.331255828
2386,27,0.331255828
2387,27,0.331255828
2388,27,0.331255828
2389,27,0.331255828
2390,24,0.294449625
2391,24,0.294449625
2392,24,0.294449625
2393,23,0.28218089
2394,23,0.28218089
2395,20,0.245374687
2396,19,0.233105953
2397,19,0.233105953
2398,16,0.19629975
2399,16,0.19629975
2400,16,0.19629975
2401,15,0.184031015
2402,15,0.184031015
2403,15,0.184031015
2404,15,0.184031015
2405,15,0.184031015
2406,15,0.184031015
2407,15,0.184031015
2408,14,0.171762281
2409,14,0.171762281
2410,14,0.171762281
2411,14,0.171762281
2412,14,0.171762281
2413,14,0.171762281
2414,14,0.171762281
2415,13,0.159493547
2416,13,0.159493547
2417,13,0.159493547
2418,13,0.159493547
2419,13,0.159493547
2420,13,0.159493547
2421,13,0.159493547
2422,13,0.159493547
2423,13,0.159493547
2424,13,0.159493547
2425,13,0.159493547
2426,13,0.159493547
2427,13,0.159493547
2428,15,0.184031015
2429,15,0.184031015
2430,15,0.184031015
2431,15,0.184031015
2432,15,0.184031015
2433,15,0.184031015
2434,15,0.184031015
2435,15,0.184031015
2436,15,0.184031015
2437,16,0.19629975
2438,16,0.19629975
2439,16,0.19629975
2440,16,0.19629975
2441,16,0.19629975
2442,16,0.19629975
2443,16,0.19629975
2444,16,0.19629975
2445,16,0.19629975
2446,15,0.184031015
2447,14,0.171762281
2448,14,0.171762281
2449,14,0.171762281
2450,14,0.171762281
2451,15,0.184031015
2452,15,0.184031015
2453,15,0.184031015
2454,15,0.184031015
2455,15,0.184031015
2456,15,0.184031015
2457,14,0.171762281
2458,13,0.159493547
2459,13,0.159493547
2460,13,0.159493547
2461,13,0.159493547
2462,13,0.159493547
2463,16,0.19629975
2464,16,0.19629975
2465,16,0.19629975
2466,16,0.19629975
2467,16,0.19629975
2468,16,0.19629975
2469,16,0.19629975
2470,16,0.19629975
2471,16,0.19629975
2472,16,0.19629975
2473,16,0.19629975
2474,16,0.19629975
2475,16,0.19629975
2476,16,0.19629975
2477,16,0.19629975
2478,16,0.19629975
2479,16,0.19629975
2480,16,0.19629975
2481,16,0.19629975
2482,16,0.19629975
2483,16,0.19629975
2484,16,0.19629975
2485,16,0.19629975
2486,16,0.19629975
2487,16,0.19629975
2488,16,0.19629975
2489,13,0.159493547
2490,13,0.159493547
2491,12,0.147224812
2492,12,0.147224812
2493,12,0.147224812
2494,12,0.147224812
2495,12,0.147224812
2496,12,0.147224812
2497,12,0.147224812
2498,12,0.147224812
2499,12,0.147224812
2500,12,0.147224812
2501,12,0.147224812
2502,12,0.147224812
2503,12,0.147224812
2504,12,0.147224812
2505,12,0.147224812
2506,11,0.134956078
2507,11,0.134956078
2508,11,0.134956078
2509,11,0.134956078
2510,12,0.147224812
2511,10,0.122687344
2512,10,0.122687344
2513,10,0.122687344
2514,10,0.122687344
2515,10,0.122687344
2516,10,0.122687344
2517,10,0.122687344
2518,10,0.122687344
2519,10,0.122687344
2520,10,0.122687344
2521,10,0.122687344
2522,10,0.122687344
2523,10,0.122687344
2524,10,0.122687344
2525,10,0.122687344
2526,10,0.122687344
2527,10,0.122687344
2528,10,0.122687344
2529,10,0.122687344
2530,10,0.122687344
2531,10,0.122687344
2532,10,0.122687344
2533,10,0.122687344
2534,10,0.122687344
2535,10,0.122687344
2536,10,0.122687344
2537,11,0.134956078
2538,11,0.134956078
2539,11,0.134956078
2540,11,0.134956078
2541,11,0.134956078
2542,11,0.134956078
2543,11,0.134956078
2544,11,0.134956078
2545,11,0.134956078
2546,11,0.134956078
2547,11,0.134956078
2548,12,0.147224812
2549,12,0.147224812
2550,12,0.147224812
2551,12,0.147224812
2552,12,0.147224812
2553,12,0.147224812
2554,12,0.147224812
2555,12,0.147224812
2556,13,0.159493547
2557,13,0.159493547
2558,13,0.159493547
2559,13,0.159493547
2560,13,0.159493547
2561,13,0.159493547
2562,13,0.159493547
2563,13,0.159493547
2564,13,0.159493547
2565,13,0.159493547
2566,13,0.159493547
2567,13,0.159493547
2568,14,0.171762281
2569,14,0.171762281
2570,14,0.171762281
2571,14,0.171762281
2572,14,0.171762281
2573,14,0.171762281
2574,12,0.147224812
2575,12,0.147224812
2576,12,0.147224812
2577,12,0.147224812
2578,12,0.147224812
2579,12,0.147224812
2580,12,0.147224812
2581,13,0.159493547
2582,13,0.159493547
2583,12,0.147224812
2584,12,0.147224812
2585,12,0.147224812
2586,12,0.147224812
2587,12,0.147224812
2588,12,0.147224812
2589,12,0.147224812
2590,12,0.147224812
2591,12,0.147224812
2592,13,0.159493547
2593,13,0.159493547
2594,13,0.159493547
2595,13,0.159493547
2596,12,0.147224812
2597,11,0.134956078
2598,12,0.147224812
2599,12,0.147224812
2600,12,0.147224812
2601,14,0.171762281
2602,14,0.171762281
2603,14,0.171762281
2604,14,0.171762281
2605,14,0.171762281
2606,14,0.171762281
2607,14,0.171762281
2608,14,0.171762281
2609,11,0.134956078
2610,11,0.134956078
2611,12,0.147224812
2612,12,0.147224812
2613,12,0.147224812
2614,12,0.147224812
2615,12,0.147224812
2616,13,0.159493547
2617,13,0.159493547
2618,13,0.159493547
2619,13,0.159493547
2620,13,0.159493547
2621,13,0.159493547
2622,13,0.159493547
2623,13,0.159493547
2624,12,0.147224812
2625,12,0.147224812
2626,12,0.147224812
2627,12,0.147224812
2628,12,0.147224812
2629,12,0.147224812
2630,12,0.147224812
2631,12,0.147224812
2632,12,0.147224812
2633,12,0.147224812
2634,12,0.147224812
2635,12,0.147224812
2636,12,0.147224812
2637,12,0.147224812
2638,13,0.159493547
2639,13,0.159493547
2640,13,0.159493547
2641,13,0.159493547
2642,13,0.159493547
2643,13,0.159493547
2644,13,0.159493547
2645,13,0.159493547
2646,13,0.159493547
2647,13,0.159493547
2648,13,0.159493547
2649,13,0.159493547
2650,13,0.159493547
2651,13,0.159493547
2652,13,0.159493547
2653,13,0.159493547
2654,13,0.159493547
2655,14,0.171762281
2656,13,0.159493547
2657,13,0.159493547
2658,13,0.159493547
2659,13,0.159493547
2660,13,0.159493547
2661,13,0.159493547
2662,13,0.159493547
2663,13,0.159493547
2664,13,0.159493547
2665,13,0.159493547
2666,13,0.159493547
2667,14,0.171762281
2668,14,0.171762281
2669,14,0.171762281
2670,14,0.171762281
2671,14,0.171762281
2672,14,0.171762281
2673,14,0.171762281
2674,14,0.171762281
2675,14,0.171762281
2676,14,0.171762281
2677,14,0.171762281
2678,14,0.171762281
2679,14,0.171762281
2680,14,0.171762281
2681,14,0.171762281
2682,14,0.171762281
2683,13,0.159493547
2684,13,0.159493547
2685,13,0.159493547
2686,13,0.159493547
2687,13,0.159493547
2688,13,0.159493547
2689,13,0.159493547
2690,13,0.159493547
2691,13,0.159493547
2692,13,0.159493547
2693,13,0.159493547
2694,12,0.147224812
2695,12,0.147224812
2696,12,0.147224812
2697,12,0.147224812
2698,13,0.159493547
2699,13,0.159493547
2700,13,0.159493547
2701,13,0.159493547
2702,12,0.147224812
2703,12,0.147224812
2704,12,0.147224812
2705,12,0.147224812
2706,12,0.147224812
2707,12,0.147224812
2708,12,0.147224812
2709,12,0.147224812
2710,12,0.147224812
2711,12,0.147224812
2712,12,0.147224812
2713,12,0.147224812
2714,11,0.134956078
2715,11,0.134956078
2716,11,0.134956078
2717,11,0.134956078
2718,11,0.134956078
2719,12,0.147224812
2720,14,0.171762281
2721,14,0.171762281
2722,14,0.171762281
2723,14,0.171762281
2724,14,0.171762281
2725,14,0.171762281
2726,14,0.171762281
2727,13,0.159493547
2728,13,0.159493547
2729,13,0.159493547
2730,13,0.159493547
2731,13,0.159493547
2732,13,0.159493547
2733,13,0.159493547
2734,13,0.159493547
2735,13,0.159493547
2736,13,0.159493547
2737,13,0.159493547
2738,13,0.159493547
2739,13,0.159493547
2740,13,0.159493547
2741,13,0.159493547
2742,13,0.159493547
2743,13,0.159493547
2744,12,0.147224812
2745,13,0.159493547
2746,14,0.171762281
2747,13,0.159493547
2748,13,0.159493547
2749,13,0.159493547
2750,13,0.159493547
2751,13,0.159493547
2752,13,0.159493547
2753,13,0.159493547
2754,13,0.159493547
2755,13,0.159493547
2756,13,0.159493547
2757,12,0.147224812
2758,12,0.147224812
2759,12,0.147224812
2760,12,0.147224812
2761,12,0.147224812
2762,11,0.134956078
2763,11,0.134956078
2764,11,0.134956078
2765,11,0.134956078
2766,11,0.134956078
2767,11,0.134956078
2768,12,0.147224812
2769,12,0.147224812
2770,12,0.147224812
2771,12,0.147224812
2772,12,0.147224812
2773,12,0.147224812
2774,12,0.147224812
2775,12,0.147224812
2776,12,0.147224812
2777,12,0.147224812
2778,13,0.159493547
2779,13,0.159493547
2780,13,0.159493547
2781,14,0.171762281
2782,14,0.171762281
2783,14,0.171762281
2784,13,0.159493547
2785,13,0.159493547
2786,13,0.159493547
2787,13,0.159493547
2788,13,0.159493547
2789,13,0.159493547
2790,13,0.159493547
2791,13,0.159493547
2792,13,0.159493547
2793,13,0.159493547
2794,13,0.159493547
2795,13,0.159493547
2796,13,0.159493547
2797,13,0.159493547
2798,13,0.159493547
2799,13,0.159493547
2800,13,0.159493547
2801,12,0.147224812
2802,12,0.147224812
2803,12,0.147224812
2804,12,0.147224812
2805,12,0.147224812
2806,13,0.159493547
2807,13,0.159493547
2808,13,0.159493547
2809,13,0.159493547
2810,14,0.171762281
2811,14,0.171762281
2812,14,0.171762281
2813,13,0.159493547
2814,13,0.159493547
2815,13,0.159493547
2816,13,0.159493547
2817,14,0.171762281
2818,14,0.171762281
2819,14,0.171762281
2820,14,0.171762281
2821,14,0.171762281
2822,14,0.171762281
2823,14,0.171762281
2824,14,0.171762281
2825,14,0.171762281
2826,14,0.171762281
2827,14,0.171762281
2828,14,0.171762281
2829,14,0.171762281
2830,14,0.171762281
2831,14,0.171762281
2832,14,0.171762281
2833,14,0.171762281
2834,14,0.171762281
2835,14,0.171762281
2836,14,0.171762281
2837,14,0.171762281
2838,14,0.171762281
2839,14,0.171762281
2840,14,0.171762281
2841,14,0.171762281
2842,14,0.171762281
2843,14,0.171762281
2844,13,0.159493547
2845,13,0.159493547
2846,13,0.159493547
2847,14,0.171762281
2848,14,0.171762281
2849,14,0.171762281
2850,14,0.171762281
2851,14,0.171762281
2852,14,0.171762281
2853,14,0.171762281
2854,14,0.171762281
2855,14,0.171762281
2856,14,0.171762281
2857,14,0.171762281
2858,14,0.171762281
2859,14,0.171762281
2860,14,0.171762281
2861,15,0.184031015
2862,15,0.184031015
2863,15,0.184031015
2864,15,0.184031015
2865,14,0.171762281
2866,12,0.147224812
2867,12,0.147224812
2868,12,0.147224812
2869,12,0.147224812
2870,12,0.147224812
2871,12,0.147224812
2872,12,0.147224812
2873,13,0.159493547
2874,13,0.159493547
2875,13,0.159493547
2876,13,0.159493547
2877,13,0.159493547
2878,13,0.159493547
2879,13,0.159493547
2880,13,0.159493547
2881,13,0.159493547
2882,13,0.159493547
2883,13,0.159493547
2884,12,0.147224812
2885,12,0.147224812
2886,12,0.147224812
2887,12,0.147224812
2888,12,0.147224812
2889,12,0.147224812
2890,12,0.147224812
2891,12,0.147224812
2892,11,0.134956078
2893,12,0.147224812
2894,12,0.147224812
2895,12,0.147224812
2896,12,0.147224812
2897,13,0.159493547
2898,13,0.159493547
2899,13,0.159493547
2900,15,0.184031015
2901,15,0.184031015
2902,15,0.184031015
2903,15,0.184031015
2904,15,0.184031015
2905,15,0.184031015
2906,15,0.184031015
2907,15,0.184031015
2908,15,0.184031015
2909,15,0.184031015
2910,15,0.184031015
2911,15,0.184031015
2912,15,0.184031015
2913,15,0.184031015
2914,14,0.171762281
2915,14,0.171762281
2916,14,0.171762281
2917,14,0.171762281
2918,14,0.171762281
2919,14,0.171762281
2920,14,0.171762281
2921,14,0.171762281
2922,14,0.171762281
2923,14,0.171762281
2924,13,0.159493547
2925,13,0.159493547
2926,13,0.159493547
2927,12,0.147224812
2928,12,0.147224812
2929,12,0.147224812
2930,12,0.147224812
2931,12,0.147224812
2932,12,0.147224812
2933,12,0.147224812
2934,12,0.147224812
2935,12,0.147224812
2936,12,0.147224812
2937,12,0.147224812
2938,12,0.147224812
2939,12,0.147224812
2940,12,0.147224812
2941,12,0.147224812
2942,12,0.147224812
2943,12,0.147224812
2944,12,0.147224812
2945,12,0.147224812
2946,12,0.147224812
2947,12,0.147224812
2948,12,0.147224812
2949,12,0.147224812
2950,12,0.147224812
2951,12,0.147224812
2952,11,0.134956078
2953,12,0.147224812
2954,12,0.147224812
2955,12,0.147224812
2956,11,0.134956078
2957,11,0.134956078
2958,11,0.134956078
2959,11,0.134956078
2960,12,0.147224812
2961,12,0.147224812
2962,12,0.147224812
2963,11,0.134956078
2964,11,0.134956078
2965,11,0.134956078
2966,11,0.134956078
2967,11,0.134956078
2968,11,0.134956078
2969,13,0.159493547
2970,13,0.159493547
2971,13,0.159493547
2972,13,0.159493547
2973,13,0.159493547
2974,13,0.159493547
2975,13,0.159493547
2976,13,0.159493547
2977,13,0.159493547
2978,14,0.171762281
2979,14,0.171762281
2980,14,0.171762281
2981,16,0.19629975
2982,16,0.19629975
2983,16,0.19629975
2984,16,0.19629975
2985,16,0.19629975
2986,16,0.19629975
2987,16,0.19629975
2988,16,0.19629975
2989,16,0.19629975
2990,16,0.19629975
2991,16,0.19629975
2992,16,0.19629975
2993,15,0.184031015
2994,15,0.184031015
2995,15,0.184031015
2996,15,0.184031015
2997,15,0.184031015
2998,15,0.184031015
2999,15,0.184031015
3000,15,0.184031015
3001,15,0.184031015
3002,15,0.184031015
3003,15,0.184031015
3004,15,0.184031015
3005,15,0.184031015
3006,15,0.184031015
3007,14,0.171762281
3008,14,0.171762281
3009,14,0.171762281
3010,14,0.171762281
3011,14,0.171762281
3012,14,0.171762281
3013,14,0.171762281
3014,14,0.171762281
3015,14,0.171762281
3016,14,0.171762281
3017,14,0.171762281
3018,14,0.171762281
3019,13,0.159493547
3020,13,0.159493547
3021,13,0.159493547
3022,13,0.159493547
3023,13,0.159493547
3024,13,0.159493547
3025,13,0.159493547
3026,13,0.159493547
3027,13,0.159493547
3028,13,0.159493547
3029,13,0.159493547
3030,13,0.159493547
3031,13,0.159493547
3032,13,0.159493547
3033,13,0.159493547
3034,13,0.159493547
3035,13,0.159493547
3036,13,0.159493547
3037,12,0.147224812
3038,12,0.147224812
3039,10,0.122687344
3040,10,0.122687344
3041,10,0.122687344
3042,10,0.122687344
3043,9,0.110418609
3044,9,0.110418609
3045,9,0.110418609
3046,7,0.085881141
3047,7,0.085881141
3048,7,0.085881141
3049,7,0.085881141
3050,7,0.085881141
3051,7,0.085881141
3052,7,0.085881141
3053,7,0.085881141
3054,7,0.085881141
3055,7,0.085881141
3056,7,0.085881141
3057,7,0.085881141
3058,7,0.085881141
3059,7,0.085881141
3060,7,0.085881141
3061,7,0.085881141
3062,7,0.085881141
3063,7,0.085881141
3064,7,0.085881141
3065,7,0.085881141
3066,7,0.085881141
3067,7,0.085881141
3068,7,0.085881141
3069,7,0.085881141
3070,7,0.085881141
3071,7,0.085881141
3072,7,0.085881141
3073,7,0.085881141
3074,7,0.085881141
3075,7,0.085881141
3076,7,0.085881141
3077,7,0.085881141
3078,7,0.085881141
3079,7,0.085881141
3080,7,0.085881141
3081,7,0.085881141
3082,7,0.085881141
3083,7,0.085881141
3084,7,0.085881141
3085,7,0.085881141
3086,7,0.085881141
3087,7,0.085881141
3088,7,0.085881141
3089,7,0.085881141
3090,7,0.085881141
3091,7,0.085881141
3092,7,0.085881141
3093,7,0.085881141
3094,7,0.085881141
3095,7,0.085881141
3096,7,0.085881141
3097,7,0.085881141
3098,7,0.085881141
3099,6,0.073612406
3100,6,0.073612406
3101,6,0.073612406
3102,6,0.073612406
3103,6,0.073612406
3104,6,0.073612406
3105,6,0.073612406
3106,5,0.061343672
3107,5,0.061343672
3108,5,0.061343672
3109,5,0.061343672
3110,5,0.061343672
3111,5,0.061343672
3112,5,0.061343672
3113,5,0.061343672
3114,5,0.061343672
3115,3,0.036806203
3116,3,0.036806203
3117,3,0.036806203
3118,3,0.036806203
3119,3,0.036806203
3120,3,0.036806203
3121,3,0.036806203
3122,3,0.036806203
3123,3,0.036806203
3124,2,0.024537469
3125,2,0.024537469
3126,2,0.024537469