pointer,OQ818328,NC_015934
49,74.22680412371135,11.0
50,75.25773195876289,11.0
51,76.28865979381443,11.0
52,77.31958762886599,11.0
53,78.35051546391753,11.0
54,79.38144329896907,11.0
55,80.41237113402062,11.0
56,81.44329896907216,11.0
57,82.4742268041237,11.0
58,83.50515463917526,11.0
59,84.5360824742268,11.0
60,85.56701030927834,11.0
61,86.5979381443299,11.0
62,87.62886597938144,11.0
63,88.65979381443299,12.0
64,89.69072164948454,12.0
65,90.72164948453609,12.0
66,91.75257731958763,12.0
67,92.78350515463917,13.0
68,93.81443298969072,13.0
69,94.84536082474226,13.0
70,95.87628865979381,13.0
71,96.90721649484536,13.0
72,96.90721649484536,13.0
73,96.90721649484536,13.0
74,96.90721649484536,13.0
75,96.90721649484536,14.000000000000002
76,96.90721649484536,15.0
77,96.90721649484536,15.0
78,96.90721649484536,15.0
79,96.90721649484536,15.0
80,96.90721649484536,16.0
81,96.90721649484536,17.0
82,96.90721649484536,17.0
83,96.90721649484536,17.0
84,96.90721649484536,17.0
85,96.875,17.0
86,96.875,18.0
87,96.875,18.0
88,96.875,17.0
89,96.875,17.0
90,96.875,17.0
91,96.875,17.0
92,96.875,17.0
93,96.875,17.0
94,96.875,17.0
95,96.875,17.0
96,96.875,17.0
97,97.91666666666666,17.0
98,97.91666666666666,18.0
99,97.91666666666666,18.0
100,97.91666666666666,18.0
101,97.91666666666666,18.0
102,98.95833333333334,18.0
103,98.95833333333334,18.0
104,98.95833333333334,19.0
105,98.95833333333334,19.0
106,98.95833333333334,19.0
107,98.94736842105263,19.0
108,98.93617021276596,19.0
109,98.93617021276596,19.0
110,98.93617021276596,19.0
111,98.93617021276596,18.0
112,98.93617021276596,19.0
113,98.93617021276596,19.0
114,98.93617021276596,20.0
115,98.93617021276596,19.0
116,98.93617021276596,18.0
117,98.93617021276596,18.0
118,98.93617021276596,18.0
119,98.93617021276596,19.0
120,98.93617021276596,19.0
121,98.93617021276596,19.0
122,98.93617021276596,19.0
123,98.93617021276596,18.0
124,98.93617021276596,17.0
125,98.93617021276596,16.0
126,98.93617021276596,16.0
127,98.93617021276596,16.0
128,98.93617021276596,16.0
129,100.0,16.0
130,100.0,16.0
131,100.0,15.0
132,100.0,16.0
133,100.0,16.0
134,100.0,16.0
135,100.0,16.0
136,100.0,15.0
137,100.0,15.0
138,100.0,15.0
139,100.0,16.0
140,100.0,15.0
141,100.0,15.0
142,100.0,16.0
143,100.0,17.0
144,100.0,17.0
145,100.0,17.0
146,100.0,18.0
147,100.0,18.0
148,100.0,18.0
149,100.0,18.0
150,100.0,18.0
151,100.0,18.0
152,100.0,18.0
153,100.0,18.0
154,100.0,18.0
155,100.0,18.0
156,100.0,18.0
157,100.0,18.0
158,100.0,18.0
159,100.0,18.0
160,100.0,18.0
161,100.0,18.0
162,100.0,18.0
163,100.0,17.0
164,100.0,17.0
165,100.0,17.0
166,100.0,17.0
167,100.0,16.0
168,100.0,16.0
169,100.0,16.0
170,100.0,16.0
171,100.0,16.0
172,100.0,16.0
173,100.0,16.0
174,100.0,16.0
175,100.0,15.0
176,100.0,14.000000000000002
177,100.0,14.000000000000002
178,100.0,14.000000000000002
179,100.0,14.000000000000002
180,100.0,13.0
181,100.0,12.0
182,100.0,13.0
183,100.0,14.000000000000002
184,100.0,14.000000000000002
185,100.0,14.000000000000002
186,100.0,13.0
187,100.0,13.0
188,100.0,13.0
189,100.0,13.0
190,100.0,14.000000000000002
191,100.0,14.000000000000002
192,100.0,15.0
193,100.0,16.0
194,100.0,17.0
195,100.0,18.0
196,100.0,18.0
197,100.0,19.0
198,100.0,18.0
199,100.0,18.0
200,100.0,19.0
201,100.0,19.0
202,100.0,19.0
203,100.0,19.0
204,100.0,18.0
205,100.0,18.0
206,100.0,18.0
207,100.0,18.0
208,100.0,18.0
209,100.0,18.0
210,100.0,19.0
211,100.0,19.0
212,100.0,19.0
213,100.0,20.0
214,100.0,19.0
215,100.0,20.0
216,100.0,20.0
217,100.0,20.0
218,100.0,21.0
219,100.0,20.0
220,100.0,20.0
221,98.7012987012987,20.0
222,98.7012987012987,20.0
223,98.7012987012987,21.0
224,98.7012987012987,21.0
225,98.7012987012987,21.0
226,98.7012987012987,21.0
227,98.7012987012987,21.0
228,98.7012987012987,21.0
229,98.7012987012987,21.0
230,98.7012987012987,21.0
231,98.7012987012987,21.0
232,98.7012987012987,20.0
233,98.7012987012987,20.0
234,98.7012987012987,20.0
235,98.7012987012987,21.0
236,98.7012987012987,21.0
237,98.7012987012987,22.0
238,98.7012987012987,23.0
239,98.7012987012987,23.0
240,98.7012987012987,24.0
241,98.7012987012987,24.0
242,98.7012987012987,24.0
243,98.7012987012987,24.0
244,98.7012987012987,25.0
245,98.7012987012987,26.0
246,98.7012987012987,26.0
247,98.7012987012987,27.0
248,98.7012987012987,28.000000000000004
249,98.7012987012987,28.999999999999996
250,98.7012987012987,28.999999999999996
251,98.71794871794873,30.0
252,98.73417721518987,30.0
253,98.75,31.0
254,98.76543209876543,32.0
255,98.78048780487805,33.0
256,98.79518072289156,34.0
257,98.80952380952381,35.0
258,98.82352941176471,36.0
259,98.83720930232558,37.0
260,98.85057471264368,38.0
261,98.86363636363636,39.0
262,98.87640449438202,40.0
263,98.88888888888889,41.0
264,98.9010989010989,42.0
265,98.91304347826086,43.0
266,98.9247311827957,44.0
267,98.93617021276596,44.0
268,98.94736842105263,45.0
269,98.95833333333334,45.0
270,98.96907216494846,46.0
271,98.9795918367347,47.0
272,98.98989898989899,48.0
273,99.0,49.0
274,99.0,50.0
275,99.0,50.0
276,99.0,51.0
277,99.0,52.0
278,99.0,53.0
279,99.0,54.0
280,99.0,55.00000000000001
281,99.0,56.00000000000001
282,99.0,56.00000000000001
283,99.0,56.00000000000001
284,99.0,56.99999999999999
285,99.0,57.99999999999999
286,99.0,57.99999999999999
287,99.0,59.0
288,99.0,60.0
289,99.0,61.0
290,99.0,61.0
291,99.0,61.0
292,99.0,60.0
293,99.0,59.0
294,99.0,57.99999999999999
295,99.0,57.99999999999999
296,99.0,59.0
297,99.0,59.0
298,99.0,60.0
299,99.0,61.0
300,99.0,61.0
301,99.0,62.0
302,99.0,62.0
303,99.0,63.0
304,99.0,64.0
305,99.0,65.0
306,99.0,66.0
307,99.0,67.0
308,99.0,68.0
309,99.0,69.0
310,99.0,69.0
311,99.0,70.0
312,99.0,70.0
313,99.0,70.0
314,99.0,71.0
315,99.0,70.0
316,99.0,71.0
317,99.0,72.0
318,99.0,72.0
319,99.0,73.0
320,99.0,74.0
321,100.0,74.0
322,100.0,74.0
323,100.0,74.0
324,100.0,75.0
325,100.0,76.0
326,100.0,77.0
327,100.0,77.0
328,100.0,78.0
329,100.0,79.0
330,100.0,80.0
331,100.0,80.0
332,100.0,81.0
333,100.0,82.0
334,100.0,83.0
335,100.0,83.0
336,100.0,84.0
337,100.0,84.0
338,100.0,84.0
339,100.0,84.0
340,100.0,84.0
341,100.0,84.0
342,100.0,83.0
343,100.0,83.0
344,100.0,83.0
345,100.0,83.0
346,100.0,82.0
347,100.0,82.0
348,100.0,82.0
349,100.0,82.0
350,100.0,82.0
351,100.0,82.0
352,100.0,82.0
353,100.0,82.0
354,100.0,82.0
355,100.0,82.0
356,100.0,82.0
357,100.0,82.0
358,100.0,82.0
359,100.0,82.0
360,100.0,82.0
361,100.0,82.0
362,100.0,82.0
363,100.0,82.0
364,100.0,82.0
365,100.0,82.0
366,100.0,82.0
367,100.0,82.0
368,100.0,81.0
369,100.0,82.0
370,100.0,82.0
371,100.0,81.0
372,100.0,80.0
373,100.0,79.0
374,100.0,78.0
375,100.0,79.0
376,100.0,78.0
377,100.0,77.0
378,100.0,76.0
379,100.0,76.0
380,100.0,76.0
381,100.0,76.0
382,100.0,76.0
383,100.0,75.0
384,100.0,75.0
385,100.0,74.0
386,100.0,74.0
387,100.0,73.0
388,100.0,73.0
389,100.0,73.0
390,100.0,73.0
391,100.0,74.0
392,100.0,75.0
393,100.0,76.0
394,100.0,76.0
395,100.0,76.0
396,100.0,75.0
397,100.0,75.0
398,100.0,75.0
399,100.0,75.0
400,100.0,74.0
401,100.0,74.0
402,100.0,75.0
403,100.0,75.0
404,100.0,74.0
405,100.0,73.0
406,100.0,73.0
407,100.0,73.0
408,100.0,73.0
409,100.0,73.0
410,100.0,73.0
411,100.0,73.0
412,100.0,73.0
413,100.0,73.0
414,100.0,73.0
415,100.0,74.0
416,100.0,74.0
417,100.0,74.0
418,100.0,74.0
419,100.0,73.0
420,100.0,73.0
421,100.0,74.0
422,100.0,75.0
423,100.0,74.0
424,100.0,74.0
425,100.0,73.0
426,100.0,73.0
427,100.0,74.0
428,100.0,73.0
429,100.0,72.0
430,100.0,71.0
431,100.0,71.0
432,100.0,70.0
433,100.0,69.0
434,99.0,68.0
435,99.0,67.0
436,99.0,66.0
437,99.0,66.0
438,99.0,65.0
439,99.0,64.0
440,99.0,64.0
441,99.0,63.0
442,99.0,63.0
443,99.0,63.0
444,99.0,62.0
445,99.0,61.0
446,98.0,61.0
447,98.0,60.0
448,98.0,59.0
449,98.0,59.0
450,98.0,59.0
451,98.0,59.0
452,98.0,59.0
453,98.0,57.99999999999999
454,98.0,56.99999999999999
455,98.0,56.99999999999999
456,98.0,56.00000000000001
457,98.0,55.00000000000001
458,98.0,55.00000000000001
459,98.0,54.0
460,98.0,54.0
461,98.0,53.0
462,98.0,53.0
463,98.0,53.0
464,98.0,53.0
465,98.0,53.0
466,98.0,53.0
467,98.0,54.0
468,98.0,55.00000000000001
469,98.0,55.00000000000001
470,98.0,55.00000000000001
471,98.0,56.00000000000001
472,98.0,56.99999999999999
473,98.0,57.99999999999999
474,98.0,59.0
475,98.0,59.0
476,98.0,60.0
477,98.0,61.0
478,98.0,62.0
479,98.0,61.0
480,98.0,61.0
481,98.0,61.0
482,98.0,61.0
483,98.0,62.0
484,98.0,61.0
485,98.0,62.0
486,98.0,63.0
487,98.0,64.0
488,98.0,64.0
489,98.0,64.0
490,98.0,63.0
491,98.0,63.0
492,98.0,63.0
493,98.0,63.0
494,98.0,64.0
495,98.0,63.0
496,98.0,64.0
497,98.0,63.0
498,98.0,63.0
499,98.0,62.0
500,98.0,63.0
501,98.0,62.0
502,98.0,62.0
503,98.0,61.0
504,98.0,62.0
505,98.0,62.0
506,98.0,62.0
507,98.0,62.0
508,98.0,61.0
509,98.0,60.0
510,98.0,59.0
511,98.0,59.0
512,98.0,59.0
513,98.0,57.99999999999999
514,98.0,56.99999999999999
515,98.0,56.00000000000001
516,98.0,56.00000000000001
517,98.0,56.00000000000001
518,98.0,55.00000000000001
519,98.0,56.00000000000001
520,98.0,56.00000000000001
521,98.0,56.00000000000001
522,98.0,56.00000000000001
523,98.0,56.00000000000001
524,98.0,56.00000000000001
525,98.0,56.99999999999999
526,98.0,56.99999999999999
527,98.0,56.99999999999999
528,98.0,56.99999999999999
529,98.0,57.99999999999999
530,98.0,59.0
531,98.0,60.0
532,98.0,61.0
533,98.0,62.0
534,99.0,63.0
535,99.0,63.0
536,99.0,64.0
537,99.0,63.0
538,99.0,63.0
539,99.0,64.0
540,99.0,64.0
541,99.0,65.0
542,99.0,66.0
543,99.0,65.0
544,99.0,66.0
545,99.0,66.0
546,100.0,66.0
547,100.0,67.0
548,100.0,68.0
549,100.0,68.0
550,100.0,69.0
551,100.0,69.0
552,100.0,70.0
553,100.0,70.0
554,100.0,71.0
555,100.0,71.0
556,100.0,71.0
557,100.0,72.0
558,100.0,72.0
559,100.0,72.0
560,100.0,72.0
561,100.0,72.0
562,100.0,72.0
563,100.0,72.0
564,100.0,72.0
565,100.0,72.0
566,100.0,71.0
567,100.0,70.0
568,100.0,69.0
569,100.0,69.0
570,100.0,69.0
571,100.0,69.0
572,100.0,68.0
573,100.0,68.0
574,100.0,67.0
575,100.0,67.0
576,100.0,67.0
577,100.0,67.0
578,100.0,67.0
579,100.0,68.0
580,100.0,68.0
581,100.0,68.0
582,100.0,68.0
583,100.0,67.0
584,100.0,68.0
585,100.0,68.0
586,100.0,67.0
587,100.0,67.0
588,100.0,66.0
589,100.0,66.0
590,100.0,67.0
591,100.0,67.0
592,100.0,66.0
593,100.0,65.0
594,100.0,65.0
595,100.0,66.0
596,100.0,66.0
597,100.0,67.0
598,100.0,66.0
599,100.0,67.0
600,100.0,66.0
601,100.0,66.0
602,100.0,65.0
603,100.0,65.0
604,100.0,65.0
605,100.0,66.0
606,100.0,66.0
607,100.0,65.0
608,100.0,66.0
609,100.0,67.0
610,100.0,67.0
611,100.0,66.0
612,100.0,66.0
613,100.0,67.0
614,100.0,67.0
615,100.0,68.0
616,100.0,68.0
617,100.0,67.0
618,100.0,67.0
619,100.0,67.0
620,100.0,66.0
621,100.0,66.0
622,100.0,66.0
623,100.0,66.0
624,100.0,66.0
625,100.0,65.0
626,100.0,64.0
627,100.0,63.0
628,100.0,63.0
629,100.0,62.0
630,100.0,62.0
631,100.0,62.0
632,100.0,62.0
633,100.0,61.0
634,100.0,60.0
635,100.0,60.0
636,100.0,60.0
637,100.0,61.0
638,100.0,62.0
639,100.0,61.0
640,100.0,61.0
641,100.0,61.0
642,100.0,61.0
643,100.0,62.0
644,100.0,62.0
645,100.0,63.0
646,100.0,63.0
647,100.0,63.0
648,100.0,62.0
649,100.0,62.0
650,100.0,62.0
651,100.0,61.0
652,100.0,61.0
653,100.0,61.0
654,100.0,61.0
655,100.0,61.0
656,100.0,62.0
657,100.0,62.0
658,100.0,62.0
659,100.0,63.0
660,100.0,63.0
661,100.0,64.0
662,100.0,63.0
663,100.0,63.0
664,100.0,63.0
665,100.0,63.0
666,100.0,64.0
667,100.0,65.0
668,100.0,66.0
669,100.0,66.0
670,100.0,66.0
671,100.0,66.0
672,100.0,66.0
673,100.0,66.0
674,100.0,67.0
675,100.0,66.0
676,100.0,66.0
677,100.0,66.0
678,100.0,65.0
679,100.0,65.0
680,100.0,65.0
681,100.0,65.0
682,100.0,65.0
683,100.0,66.0
684,100.0,66.0
685,100.0,66.0
686,100.0,66.0
687,100.0,66.0
688,100.0,67.0
689,100.0,67.0
690,100.0,66.0
691,100.0,66.0
692,100.0,67.0
693,100.0,68.0
694,100.0,68.0
695,100.0,68.0
696,100.0,67.0
697,100.0,67.0
698,100.0,67.0
699,100.0,66.0
700,100.0,66.0
701,100.0,67.0
702,100.0,67.0
703,100.0,68.0
704,100.0,68.0
705,100.0,68.0
706,100.0,68.0
707,100.0,69.0
708,100.0,69.0
709,100.0,69.0
710,100.0,70.0
711,100.0,71.0
712,100.0,71.0
713,100.0,70.0
714,100.0,71.0
715,100.0,71.0
716,100.0,71.0
717,100.0,71.0
718,100.0,72.0
719,100.0,72.0
720,100.0,73.0
721,100.0,73.0
722,100.0,73.0
723,100.0,73.0
724,100.0,72.0
725,100.0,72.0
726,100.0,72.0
727,100.0,73.0
728,100.0,74.0
729,100.0,75.0
730,100.0,75.0
731,100.0,75.0
732,100.0,75.0
733,100.0,76.0
734,100.0,77.0
735,100.0,78.0
736,100.0,77.0
737,100.0,76.0
738,100.0,75.0
739,100.0,76.0
740,100.0,75.0
741,100.0,75.0
742,100.0,75.0
743,100.0,74.0
744,100.0,74.0
745,100.0,73.0
746,100.0,73.0
747,100.0,72.0
748,100.0,72.0
749,100.0,72.0
750,100.0,72.0
751,100.0,72.0
752,100.0,72.0
753,100.0,73.0
754,100.0,73.0
755,100.0,72.0
756,100.0,71.0
757,100.0,71.0
758,100.0,71.0
759,100.0,71.0
760,100.0,71.0
761,100.0,71.0
762,100.0,71.0
763,100.0,71.0
764,100.0,71.0
765,100.0,71.0
766,100.0,71.0
767,100.0,71.0
768,100.0,71.0
769,100.0,71.0
770,100.0,71.0
771,100.0,71.0
772,100.0,72.0
773,100.0,72.0
774,100.0,71.0
775,100.0,72.0
776,100.0,72.0
777,100.0,71.0
778,100.0,72.0
779,100.0,72.0
780,100.0,72.0
781,100.0,72.0
782,100.0,72.0
783,100.0,71.0
784,100.0,70.0
785,100.0,69.0
786,100.0,69.0
787,100.0,69.0
788,100.0,69.0
789,100.0,68.0
790,100.0,69.0
791,100.0,69.0
792,100.0,69.0
793,100.0,69.0
794,100.0,68.0
795,100.0,67.0
796,100.0,67.0
797,100.0,66.0
798,100.0,67.0
799,100.0,68.0
800,100.0,68.0
801,100.0,67.0
802,100.0,68.0
803,100.0,68.0
804,100.0,67.0
805,100.0,67.0
806,100.0,66.0
807,100.0,66.0
808,100.0,66.0
809,100.0,65.0
810,100.0,64.0
811,100.0,63.0
812,100.0,63.0
813,100.0,64.0
814,100.0,64.0
815,100.0,64.0
816,100.0,64.0
817,100.0,65.0
818,100.0,65.0
819,100.0,65.0
820,100.0,65.0
821,100.0,65.0
822,100.0,65.0
823,100.0,65.0
824,100.0,66.0
825,100.0,67.0
826,100.0,67.0
827,100.0,66.0
828,100.0,65.0
829,100.0,64.0
830,100.0,64.0
831,100.0,64.0
832,100.0,64.0
833,100.0,64.0
834,100.0,64.0
835,100.0,63.0
836,100.0,63.0
837,100.0,63.0
838,100.0,64.0
839,100.0,64.0
840,100.0,64.0
841,100.0,63.0
842,100.0,63.0
843,100.0,64.0
844,100.0,63.0
845,100.0,64.0
846,100.0,64.0
847,100.0,64.0
848,100.0,65.0
849,100.0,65.0
850,100.0,65.0
851,100.0,66.0
852,100.0,66.0
853,100.0,66.0
854,100.0,65.0
855,100.0,66.0
856,100.0,66.0
857,100.0,65.0
858,100.0,64.0
859,100.0,64.0
860,100.0,64.0
861,100.0,63.0
862,100.0,63.0
863,100.0,63.0
864,100.0,62.0
865,100.0,62.0
866,100.0,61.0
867,100.0,60.0
868,100.0,59.0
869,100.0,57.99999999999999
870,100.0,57.99999999999999
871,100.0,57.99999999999999
872,100.0,57.99999999999999
873,100.0,56.99999999999999
874,100.0,56.99999999999999
875,100.0,56.99999999999999
876,100.0,56.99999999999999
877,100.0,56.99999999999999
878,100.0,56.00000000000001
879,100.0,56.00000000000001
880,100.0,56.00000000000001
881,100.0,55.00000000000001
882,100.0,54.0
883,100.0,54.0
884,100.0,54.0
885,100.0,55.00000000000001
886,100.0,56.00000000000001
887,100.0,55.00000000000001
888,100.0,55.00000000000001
889,100.0,55.00000000000001
890,100.0,54.0
891,100.0,54.0
892,100.0,54.0
893,100.0,54.0
894,100.0,54.0
895,100.0,55.00000000000001
896,100.0,56.00000000000001
897,100.0,56.99999999999999
898,100.0,56.99999999999999
899,100.0,56.99999999999999
900,100.0,57.99999999999999
901,100.0,59.0
902,100.0,59.0
903,100.0,57.99999999999999
904,100.0,59.0
905,100.0,57.99999999999999
906,100.0,59.0
907,100.0,59.0
908,100.0,59.0
909,100.0,60.0
910,100.0,61.0
911,100.0,62.0
912,100.0,62.0
913,100.0,61.0
914,100.0,61.0
915,100.0,60.0
916,100.0,59.0
917,100.0,57.99999999999999
918,100.0,56.99999999999999
919,100.0,56.00000000000001
920,100.0,56.00000000000001
921,100.0,55.00000000000001
922,100.0,54.0
923,100.0,54.0
924,100.0,53.0
925,100.0,52.0
926,100.0,52.0
927,100.0,53.0
928,100.0,54.0
929,100.0,55.00000000000001
930,100.0,55.00000000000001
931,100.0,54.0
932,100.0,53.0
933,100.0,52.0
934,100.0,51.0
935,100.0,52.0
936,100.0,52.0
937,100.0,53.0
938,100.0,52.0
939,100.0,52.0
940,100.0,53.0
941,100.0,54.0
942,100.0,53.0
943,100.0,52.0
944,100.0,52.0
945,100.0,51.0
946,100.0,51.0
947,100.0,51.0
948,100.0,50.0
949,100.0,50.0
950,100.0,50.0
951,100.0,49.0
952,100.0,48.0
953,100.0,48.0
954,100.0,48.0
955,100.0,48.0
956,100.0,49.0
957,100.0,49.0
958,100.0,50.0
959,100.0,50.0
960,100.0,50.0
961,100.0,51.0
962,100.0,51.0
963,100.0,50.0
964,100.0,51.0
965,100.0,51.0
966,100.0,51.0
967,100.0,52.0
968,100.0,53.0
969,100.0,54.0
970,100.0,54.0
971,100.0,54.0
972,100.0,53.0
973,100.0,53.0
974,100.0,54.0
975,100.0,53.0
976,100.0,52.0
977,100.0,53.0
978,100.0,53.0
979,100.0,53.0
980,100.0,52.0
981,100.0,52.0
982,100.0,52.0
983,100.0,52.0
984,100.0,53.0
985,100.0,53.0
986,100.0,52.0
987,100.0,52.0
988,100.0,51.0
989,100.0,52.0
990,100.0,52.0
991,100.0,51.0
992,100.0,50.0
993,100.0,49.0
994,99.0,49.0
995,99.0,48.0
996,99.0,47.0
997,99.0,47.0
998,99.0,47.0
999,99.0,46.0
1000,99.0,46.0
1001,99.0,46.0
1002,99.0,46.0
1003,99.0,47.0
1004,99.0,46.0
1005,99.0,47.0
1006,99.0,47.0
1007,99.0,47.0
1008,99.0,47.0
1009,99.0,47.0
1010,99.0,46.0
1011,99.0,46.0
1012,99.0,45.0
1013,98.0,45.0
1014,98.0,45.0
1015,98.0,46.0
1016,98.0,47.0
1017,98.0,48.0
1018,98.0,48.0
1019,98.0,48.0
1020,98.0,47.0
1021,98.0,48.0
1022,98.0,49.0
1023,98.0,49.0
1024,98.0,49.0
1025,98.0,49.0
1026,98.0,50.0
1027,98.0,50.0
1028,98.0,49.0
1029,98.0,48.0
1030,98.0,47.0
1031,98.0,48.0
1032,98.0,49.0
1033,98.0,50.0
1034,98.0,51.0
1035,98.0,51.0
1036,98.0,51.0
1037,98.0,51.0
1038,98.0,52.0
1039,98.0,52.0
1040,98.0,51.0
1041,98.0,50.0
1042,98.0,51.0
1043,98.0,52.0
1044,98.0,53.0
1045,98.0,54.0
1046,98.0,54.0
1047,98.0,54.0
1048,98.0,54.0
1049,98.0,54.0
1050,98.0,53.0
1051,98.0,53.0
1052,98.0,54.0
1053,98.0,53.0
1054,98.0,54.0
1055,98.0,53.0
1056,98.0,53.0
1057,98.0,53.0
1058,98.0,52.0
1059,98.0,51.0
1060,98.0,50.0
1061,98.0,50.0
1062,98.0,50.0
1063,98.0,51.0
1064,98.0,50.0
1065,98.0,49.0
1066,98.0,49.0
1067,98.0,48.0
1068,98.0,48.0
1069,98.0,47.0
1070,98.0,46.0
1071,98.0,45.0
1072,98.0,45.0
1073,98.0,46.0
1074,98.0,46.0
1075,98.0,47.0
1076,98.0,48.0
1077,98.0,48.0
1078,98.0,48.0
1079,98.0,47.0
1080,98.0,47.0
1081,98.0,48.0
1082,98.0,48.0
1083,98.0,49.0
1084,98.0,49.0
1085,98.0,49.0
1086,98.0,50.0
1087,98.0,50.0
1088,98.0,50.0
1089,98.0,49.0
1090,98.0,49.0
1091,98.0,49.0
1092,98.0,49.0
1093,98.0,49.0
1094,99.0,49.0
1095,99.0,49.0
1096,99.0,49.0
1097,99.0,49.0
1098,99.0,48.0
1099,99.0,49.0
1100,99.0,49.0
1101,99.0,48.0
1102,99.0,48.0
1103,98.98989898989899,47.0
1104,98.9795918367347,47.0
1105,98.9795918367347,46.0
1106,98.9795918367347,45.0
1107,98.9795918367347,45.0
1108,98.9795918367347,44.0
1109,98.9795918367347,43.0
1110,98.9795918367347,43.0
1111,98.9795918367347,42.0
1112,98.9795918367347,43.0
1113,98.9795918367347,43.0
1114,98.9795918367347,42.0
1115,98.9795918367347,41.0
1116,97.95918367346938,41.0
1117,96.93877551020408,40.0
1118,96.93877551020408,40.0
1119,96.93877551020408,40.0
1120,96.93877551020408,40.0
1121,96.93877551020408,39.0
1122,96.93877551020408,39.0
1123,96.93877551020408,39.0
1124,96.93877551020408,40.0
1125,96.93877551020408,41.0
1126,96.93877551020408,40.0
1127,96.93877551020408,40.0
1128,96.93877551020408,40.0
1129,96.93877551020408,41.0
1130,96.93877551020408,41.0
1131,96.93877551020408,40.0
1132,96.93877551020408,39.0
1133,96.93877551020408,38.0
1134,96.93877551020408,38.0
1135,96.93877551020408,38.0
1136,96.93877551020408,39.0
1137,96.93877551020408,39.0
1138,96.93877551020408,39.0
1139,96.93877551020408,38.0
1140,96.93877551020408,38.0
1141,96.93877551020408,38.0
1142,96.93877551020408,38.0
1143,96.93877551020408,37.0
1144,96.93877551020408,36.0
1145,96.93877551020408,35.0
1146,96.93877551020408,35.0
1147,96.93877551020408,36.0
1148,96.93877551020408,36.0
1149,96.93877551020408,36.0
1150,96.93877551020408,37.0
1151,96.93877551020408,37.0
1152,96.93877551020408,36.0
1153,96.93877551020408,36.0
1154,96.93877551020408,35.0
1155,96.93877551020408,36.0
1156,96.93877551020408,35.0
1157,96.93877551020408,36.0
1158,96.93877551020408,36.0
1159,96.93877551020408,36.0
1160,96.93877551020408,37.0
1161,96.93877551020408,37.0
1162,96.93877551020408,37.0
1163,96.93877551020408,36.0
1164,96.93877551020408,36.0
1165,96.93877551020408,36.0
1166,96.93877551020408,36.0
1167,96.93877551020408,36.0
1168,96.93877551020408,36.0
1169,96.93877551020408,37.0
1170,96.93877551020408,38.0
1171,96.93877551020408,38.0
1172,96.93877551020408,38.0
1173,96.93877551020408,37.0
1174,96.93877551020408,37.0
1175,96.93877551020408,36.0
1176,96.93877551020408,36.0
1177,96.93877551020408,35.0
1178,96.93877551020408,36.0
1179,96.93877551020408,36.0
1180,96.93877551020408,37.0
1181,96.93877551020408,37.0
1182,96.93877551020408,37.0
1183,96.93877551020408,37.0
1184,96.93877551020408,36.0
1185,96.93877551020408,35.0
1186,96.93877551020408,34.0
1187,96.93877551020408,34.0
1188,96.93877551020408,34.0
1189,96.93877551020408,35.0
1190,96.93877551020408,35.0
1191,96.93877551020408,36.0
1192,96.93877551020408,36.0
1193,96.93877551020408,36.0
1194,96.93877551020408,36.0
1195,96.93877551020408,37.0
1196,96.93877551020408,37.0
1197,96.93877551020408,36.0
1198,96.93877551020408,36.0
1199,96.93877551020408,35.0
1200,96.93877551020408,34.0
1201,96.93877551020408,34.0
1202,96.93877551020408,33.0
1203,96.96969696969697,33.0
1204,97.0,33.0
1205,97.0,33.0
1206,97.0,33.0
1207,97.0,32.0
1208,97.0,32.0
1209,97.0,33.0
1210,97.0,34.0
1211,97.0,35.0
1212,97.0,35.0
1213,98.0,35.0
1214,98.0,35.0
1215,98.0,36.0
1216,99.0,35.0
1217,100.0,35.0
1218,100.0,35.0
1219,100.0,35.0
1220,100.0,35.0
1221,100.0,36.0
1222,100.0,35.0
1223,100.0,35.0
1224,100.0,34.0
1225,100.0,34.0
1226,100.0,34.0
1227,100.0,33.0
1228,100.0,34.0
1229,100.0,34.0
1230,100.0,35.0
1231,100.0,36.0
1232,100.0,37.0
1233,100.0,37.0
1234,100.0,37.0
1235,100.0,36.0
1236,100.0,36.0
1237,100.0,36.0
1238,100.0,35.0
1239,100.0,36.0
1240,100.0,36.0
1241,100.0,36.0
1242,100.0,36.0
1243,100.0,36.0
1244,100.0,36.0
1245,100.0,36.0
1246,100.0,36.0
1247,100.0,35.0
1248,100.0,36.0
1249,100.0,36.0
1250,100.0,35.0
1251,100.0,35.0
1252,100.0,36.0
1253,100.0,36.0
1254,100.0,37.0
1255,100.0,37.0
1256,100.0,38.0
1257,100.0,38.0
1258,100.0,39.0
1259,100.0,40.0
1260,100.0,39.0
1261,100.0,38.0
1262,100.0,38.0
1263,100.0,39.0
1264,100.0,39.0
1265,100.0,39.0
1266,100.0,39.0
1267,100.0,40.0
1268,100.0,40.0
1269,100.0,39.0
1270,100.0,38.0
1271,100.0,38.0
1272,100.0,39.0
1273,100.0,40.0
1274,100.0,39.0
1275,100.0,39.0
1276,100.0,39.0
1277,100.0,40.0
1278,100.0,39.0
1279,100.0,40.0
1280,100.0,39.0
1281,100.0,39.0
1282,100.0,39.0
1283,100.0,38.0
1284,100.0,39.0
1285,100.0,39.0
1286,100.0,40.0
1287,100.0,40.0
1288,100.0,40.0
1289,100.0,39.0
1290,100.0,40.0
1291,100.0,40.0
1292,100.0,40.0
1293,100.0,40.0
1294,100.0,40.0
1295,100.0,40.0
1296,100.0,41.0
1297,100.0,42.0
1298,100.0,42.0
1299,100.0,42.0
1300,100.0,42.0
1301,100.0,43.0
1302,100.0,43.0
1303,100.0,43.0
1304,100.0,43.0
1305,100.0,43.0
1306,100.0,43.0
1307,100.0,43.0
1308,100.0,44.0
1309,100.0,43.0
1310,100.0,43.0
1311,100.0,42.0
1312,100.0,42.0
1313,100.0,43.0
1314,100.0,44.0
1315,100.0,43.0
1316,100.0,44.0
1317,100.0,44.0
1318,100.0,44.0
1319,100.0,44.0
1320,100.0,44.0
1321,100.0,44.0
1322,100.0,44.0
1323,100.0,44.0
1324,100.0,44.0
1325,100.0,43.0
1326,100.0,43.0
1327,100.0,43.0
1328,100.0,42.0
1329,100.0,41.0
1330,100.0,41.0
1331,100.0,40.0
1332,100.0,39.0
1333,100.0,39.0
1334,100.0,38.0
1335,100.0,38.0
1336,100.0,37.0
1337,100.0,36.0
1338,100.0,36.0
1339,100.0,35.0
1340,100.0,35.0
1341,100.0,35.0
1342,100.0,34.0
1343,100.0,35.0
1344,100.0,35.0
1345,100.0,36.0
1346,100.0,36.0
1347,100.0,36.0
1348,100.0,35.0
1349,100.0,34.0
1350,100.0,34.0
1351,100.0,35.0
1352,100.0,34.0
1353,100.0,34.0
1354,100.0,34.0
1355,100.0,33.0
1356,100.0,33.0
1357,100.0,33.0
1358,100.0,32.0
1359,100.0,32.0
1360,100.0,32.0
1361,100.0,33.0
1362,100.0,33.0
1363,100.0,33.0
1364,100.0,34.0
1365,100.0,34.0
1366,100.0,35.0
1367,100.0,34.0
1368,100.0,33.0
1369,100.0,33.0
1370,100.0,33.0
1371,100.0,33.0
1372,100.0,33.0
1373,100.0,33.0
1374,100.0,34.0
1375,100.0,35.0
1376,100.0,34.0
1377,100.0,34.0
1378,100.0,34.0
1379,100.0,34.0
1380,100.0,34.0
1381,100.0,33.0
1382,100.0,33.0
1383,100.0,33.0
1384,100.0,33.0
1385,100.0,34.0
1386,100.0,34.0
1387,100.0,34.0
1388,100.0,34.0
1389,100.0,35.0
1390,100.0,34.0
1391,100.0,33.0
1392,100.0,34.0
1393,100.0,34.0
1394,100.0,34.0
1395,100.0,33.0
1396,100.0,32.0
1397,100.0,31.0
1398,100.0,32.0
1399,100.0,32.0
1400,100.0,32.0
1401,100.0,32.0
1402,100.0,33.0
1403,100.0,33.0
1404,100.0,33.0
1405,100.0,34.0
1406,100.0,35.0
1407,100.0,35.0
1408,100.0,35.0
1409,100.0,36.0
1410,100.0,36.0
1411,100.0,37.0
1412,100.0,37.0
1413,100.0,37.0
1414,100.0,37.0
1415,100.0,38.0
1416,100.0,38.0
1417,100.0,39.0
1418,100.0,40.0
1419,100.0,41.0
1420,100.0,42.0
1421,100.0,42.0
1422,100.0,43.0
1423,100.0,44.0
1424,100.0,45.0
1425,100.0,46.0
1426,100.0,47.0
1427,100.0,48.0
1428,100.0,49.0
1429,100.0,49.0
1430,100.0,49.0
1431,100.0,49.0
1432,100.0,50.0
1433,100.0,50.0
1434,100.0,51.0
1435,100.0,51.0
1436,100.0,51.0
1437,100.0,52.0
1438,100.0,52.0
1439,100.0,52.0
1440,100.0,53.0
1441,100.0,53.0
1442,100.0,54.0
1443,100.0,53.0
1444,100.0,54.0
1445,100.0,54.0
1446,100.0,55.00000000000001
1447,100.0,55.00000000000001
1448,100.0,55.00000000000001
1449,100.0,56.00000000000001
1450,100.0,56.00000000000001
1451,100.0,55.00000000000001
1452,100.0,56.00000000000001
1453,100.0,56.99999999999999
1454,100.0,56.00000000000001
1455,100.0,56.00000000000001
1456,100.0,56.00000000000001
1457,100.0,55.00000000000001
1458,100.0,55.00000000000001
1459,100.0,55.00000000000001
1460,100.0,56.00000000000001
1461,100.0,55.00000000000001
1462,100.0,55.00000000000001
1463,100.0,55.00000000000001
1464,100.0,54.0
1465,100.0,54.0
1466,100.0,54.0
1467,100.0,55.00000000000001
1468,100.0,56.00000000000001
1469,100.0,56.99999999999999
1470,100.0,56.99999999999999
1471,100.0,57.99999999999999
1472,100.0,56.99999999999999
1473,100.0,56.99999999999999
1474,100.0,56.99999999999999
1475,100.0,56.00000000000001
1476,100.0,56.99999999999999
1477,100.0,56.00000000000001
1478,100.0,56.00000000000001
1479,100.0,56.00000000000001
1480,100.0,56.99999999999999
1481,100.0,57.99999999999999
1482,100.0,59.0
1483,100.0,59.0
1484,100.0,59.0
1485,100.0,59.0
1486,100.0,57.99999999999999
1487,100.0,57.99999999999999
1488,100.0,59.0
1489,100.0,57.99999999999999
1490,100.0,57.99999999999999
1491,100.0,59.0
1492,100.0,59.0
1493,99.0,59.0
1494,99.0,60.0
1495,99.0,61.0
1496,99.0,62.0
1497,99.0,62.0
1498,99.0,62.0
1499,99.0,63.0
1500,99.0,64.0
1501,99.0,63.0
1502,99.0,63.0
1503,99.0,64.0
1504,99.0,65.0
1505,99.0,65.0
1506,99.0,65.0
1507,99.0,65.0
1508,99.0,65.0
1509,99.0,65.0
1510,99.0,65.0
1511,99.0,65.0
1512,99.0,65.0
1513,99.0,65.0
1514,99.0,65.0
1515,99.0,65.0
1516,99.0,64.0
1517,99.0,63.0
1518,99.0,62.0
1519,99.0,62.0
1520,99.0,61.0
1521,99.0,61.0
1522,99.0,60.0
1523,99.0,59.0
1524,99.0,59.0
1525,99.0,57.99999999999999
1526,99.0,57.99999999999999
1527,99.0,57.99999999999999
1528,99.0,56.99999999999999
1529,99.0,57.99999999999999
1530,99.0,57.99999999999999
1531,99.0,59.0
1532,99.0,59.0
1533,99.0,59.0
1534,99.0,59.0
1535,99.0,59.0
1536,99.0,60.0
1537,99.0,60.0
1538,99.0,60.0
1539,99.0,61.0
1540,99.0,61.0
1541,99.0,61.0
1542,99.0,61.0
1543,99.0,62.0
1544,99.0,62.0
1545,99.0,62.0
1546,99.0,62.0
1547,99.0,63.0
1548,99.0,64.0
1549,99.0,64.0
1550,99.0,64.0
1551,99.0,65.0
1552,99.0,65.0
1553,99.0,64.0
1554,99.0,65.0
1555,99.0,65.0
1556,99.0,64.0
1557,99.0,65.0
1558,99.0,66.0
1559,99.0,66.0
1560,99.0,65.0
1561,99.0,65.0
1562,99.0,66.0
1563,99.0,66.0
1564,99.0,67.0
1565,99.0,68.0
1566,99.0,68.0
1567,99.0,68.0
1568,99.0,68.0
1569,99.0,68.0
1570,99.0,69.0
1571,99.0,69.0
1572,99.0,70.0
1573,99.0,70.0
1574,99.0,70.0
1575,99.0,71.0
1576,99.0,71.0
1577,99.0,72.0
1578,99.0,73.0
1579,99.0,73.0
1580,99.0,73.0
1581,99.0,73.0
1582,99.0,73.0
1583,99.0,73.0
1584,99.0,73.0
1585,99.0,73.0
1586,99.0,74.0
1587,99.0,75.0
1588,99.0,75.0
1589,99.0,76.0
1590,99.0,77.0
1591,99.0,77.0
1592,99.0,77.0
1593,100.0,78.0
1594,100.0,78.0
1595,100.0,78.0
1596,100.0,78.0
1597,100.0,79.0
1598,100.0,79.0
1599,100.0,79.0
1600,100.0,79.0
1601,100.0,80.0
1602,100.0,80.0
1603,100.0,80.0
1604,100.0,80.0
1605,100.0,79.0
1606,100.0,79.0
1607,100.0,80.0
1608,100.0,80.0
1609,100.0,80.0
1610,100.0,80.0
1611,100.0,80.0
1612,100.0,80.0
1613,100.0,80.0
1614,100.0,80.0
1615,100.0,80.0
1616,100.0,81.0
1617,100.0,82.0
1618,100.0,83.0
1619,100.0,83.0
1620,100.0,84.0
1621,100.0,83.0
1622,100.0,84.0
1623,100.0,84.0
1624,100.0,84.0
1625,100.0,84.0
1626,100.0,84.0
1627,100.0,84.0
1628,100.0,85.0
1629,100.0,84.0
1630,100.0,84.0
1631,100.0,84.0
1632,100.0,84.0
1633,100.0,85.0
1634,99.0,85.0
1635,99.0,85.0
1636,99.0,85.0
1637,99.0,84.0
1638,99.0,85.0
1639,99.0,85.0
1640,99.0,85.0
1641,99.0,85.0
1642,99.0,84.0
1643,99.0,84.0
1644,99.0,84.0
1645,99.0,84.0
1646,99.0,84.0
1647,99.0,84.0
1648,99.0,83.0
1649,99.0,83.0
1650,99.0,84.0
1651,99.0,84.0
1652,99.0,84.0
1653,99.0,85.0
1654,99.0,85.0
1655,99.0,86.0
1656,99.0,87.0
1657,99.0,86.0
1658,99.0,86.0
1659,99.0,85.0
1660,99.0,86.0
1661,99.0,86.0
1662,99.0,86.0
1663,99.0,86.0
1664,99.0,85.0
1665,99.0,84.0
1666,99.0,83.0
1667,99.0,82.0
1668,99.0,82.0
1669,99.0,82.0
1670,99.0,81.0
1671,99.0,81.0
1672,99.0,81.0
1673,99.0,80.0
1674,99.0,80.0
1675,99.0,80.0
1676,99.0,79.0
1677,99.0,78.0
1678,99.0,78.0
1679,99.0,77.0
1680,99.0,77.0
1681,99.0,76.0
1682,99.0,75.0
1683,99.0,75.0
1684,99.0,75.0
1685,99.0,75.0
1686,99.0,75.0
1687,99.0,75.0
1688,99.0,75.0
1689,99.0,75.0
1690,99.0,75.0
1691,99.0,74.0
1692,99.0,74.0
1693,99.0,74.0
1694,99.0,74.0
1695,99.0,74.0
1696,99.0,74.0
1697,99.0,74.0
1698,99.0,74.0
1699,99.0,73.0
1700,99.0,73.0
1701,99.0,72.0
1702,99.0,72.0
1703,99.0,71.0
1704,99.0,70.0
1705,99.0,70.0
1706,99.0,70.0
1707,99.0,69.0
1708,99.0,68.0
1709,99.0,67.0
1710,99.0,67.0
1711,99.0,67.0
1712,99.0,67.0
1713,99.0,67.0
1714,99.0,67.0
1715,99.0,66.0
1716,99.0,65.0
1717,99.0,65.0
1718,99.0,64.0
1719,99.0,63.0
1720,99.0,63.0
1721,99.0,63.0
1722,99.0,62.0
1723,99.0,62.0
1724,99.0,62.0
1725,99.0,62.0
1726,99.0,61.0
1727,99.0,61.0
1728,99.0,61.0
1729,99.0,61.0
1730,99.0,61.0
1731,99.0,61.0
1732,99.0,60.0
1733,99.0,60.0
1734,100.0,59.0
1735,100.0,60.0
1736,100.0,60.0
1737,100.0,61.0
1738,100.0,61.0
1739,100.0,60.0
1740,100.0,60.0
1741,100.0,60.0
1742,100.0,60.0
1743,100.0,59.0
1744,100.0,57.99999999999999
1745,100.0,56.99999999999999
1746,100.0,56.00000000000001
1747,100.0,55.00000000000001
1748,100.0,55.00000000000001
1749,100.0,54.0
1750,100.0,53.0
1751,100.0,52.0
1752,100.0,51.0
1753,100.0,50.0
1754,100.0,49.0
1755,100.0,48.0
1756,100.0,47.0
1757,100.0,47.0
1758,100.0,46.0
1759,100.0,46.0
1760,100.0,45.0
1761,100.0,45.0
1762,100.0,44.0
1763,100.0,43.0
1764,100.0,43.0
1765,100.0,43.0
1766,100.0,43.0
1767,100.0,43.0
1768,100.0,42.0
1769,100.0,41.0
1770,100.0,41.0
1771,100.0,40.0
1772,100.0,39.0
1773,100.0,39.0
1774,100.0,38.0
1775,100.0,37.0
1776,100.0,37.0
1777,100.0,37.0
1778,100.0,36.0
1779,100.0,36.0
1780,100.0,36.0
1781,100.0,37.0
1782,100.0,38.0
1783,100.0,38.0
1784,100.0,37.0
1785,100.0,37.0
1786,100.0,36.0
1787,100.0,35.0
1788,100.0,34.0
1789,100.0,33.0
1790,100.0,32.0
1791,100.0,32.0
1792,100.0,32.0
1793,100.0,32.0
1794,100.0,31.0
1795,100.0,31.0
1796,100.0,31.0
1797,100.0,30.0
1798,100.0,28.999999999999996
1799,100.0,30.0
1800,100.0,30.0
1801,100.0,31.0
1802,100.0,31.0
1803,100.0,31.0
1804,100.0,32.0
1805,100.0,32.0
1806,100.0,32.0
1807,100.0,32.0
1808,100.0,32.0
1809,100.0,33.0
1810,100.0,32.0
1811,100.0,32.0
1812,100.0,31.0
1813,100.0,31.0
1814,100.0,31.0
1815,100.0,31.0
1816,100.0,31.0
1817,100.0,30.0
1818,100.0,31.0
1819,100.0,32.0
1820,100.0,31.0
1821,100.0,31.0
1822,100.0,32.0
1823,100.0,32.0
1824,100.0,31.0
1825,100.0,31.0
1826,100.0,31.0
1827,100.0,30.0
1828,100.0,28.999999999999996
1829,100.0,30.0
1830,100.0,30.0
1831,100.0,28.999999999999996
1832,100.0,30.0
1833,100.0,28.999999999999996
1834,100.0,28.999999999999996
1835,100.0,28.000000000000004
1836,100.0,27.0
1837,100.0,27.0
1838,100.0,26.0
1839,100.0,27.0
1840,100.0,26.0
1841,100.0,27.0
1842,100.0,27.0
1843,100.0,28.000000000000004
1844,100.0,28.999999999999996
1845,100.0,30.0
1846,100.0,31.0
1847,100.0,32.0
1848,100.0,33.0
1849,100.0,34.0
1850,100.0,35.0
1851,100.0,35.0
1852,100.0,35.0
1853,100.0,36.0
1854,100.0,37.0
1855,100.0,37.0
1856,100.0,38.0
1857,100.0,39.0
1858,100.0,40.0
1859,100.0,41.0
1860,100.0,42.0
1861,100.0,43.0
1862,100.0,44.0
1863,100.0,45.0
1864,100.0,46.0
1865,100.0,47.0
1866,100.0,48.0
1867,100.0,49.0
1868,100.0,49.0
1869,100.0,50.0
1870,100.0,51.0
1871,100.0,52.0
1872,100.0,53.0
1873,100.0,53.0
1874,100.0,54.0
1875,100.0,54.0
1876,100.0,54.0
1877,100.0,54.0
1878,99.0,54.0
1879,99.0,54.0
1880,99.0,54.0
1881,99.0,54.0
1882,99.0,53.0
1883,99.0,54.0
1884,99.0,54.0
1885,99.0,53.0
1886,99.0,53.0
1887,99.0,53.0
1888,99.0,53.0
1889,99.0,53.0
1890,99.0,54.0
1891,99.0,54.0
1892,99.0,54.0
1893,99.0,54.0
1894,99.0,55.00000000000001
1895,99.0,55.00000000000001
1896,99.0,54.0
1897,99.0,55.00000000000001
1898,99.0,56.00000000000001
1899,99.0,56.00000000000001
1900,99.0,55.00000000000001
1901,99.0,55.00000000000001
1902,99.0,55.00000000000001
1903,99.0,55.00000000000001
1904,99.0,55.00000000000001
1905,99.0,55.00000000000001
1906,99.0,54.0
1907,99.0,54.0
1908,99.0,54.0
1909,99.0,53.0
1910,99.0,54.0
1911,99.0,53.0
1912,99.0,54.0
1913,99.0,53.0
1914,99.0,52.0
1915,99.0,53.0
1916,99.0,53.0
1917,99.0,53.0
1918,99.0,52.0
1919,99.0,51.0
1920,99.0,52.0
1921,99.0,52.0
1922,98.0,51.0
1923,98.0,52.0
1924,98.0,53.0
1925,98.0,54.0
1926,98.0,55.00000000000001
1927,98.0,55.00000000000001
1928,98.0,56.00000000000001
1929,98.0,56.00000000000001
1930,98.0,56.00000000000001
1931,98.0,56.99999999999999
1932,98.0,56.99999999999999
1933,98.0,57.99999999999999
1934,98.0,57.99999999999999
1935,98.0,59.0
1936,98.0,60.0
1937,98.0,60.0
1938,98.0,61.0
1939,98.0,60.0
1940,98.0,60.0
1941,98.0,59.0
1942,98.0,60.0
1943,98.0,60.0
1944,98.0,59.0
1945,98.0,59.0
1946,98.0,59.0
1947,98.0,57.99999999999999
1948,98.0,57.99999999999999
1949,98.0,57.99999999999999
1950,98.0,57.99999999999999
1951,98.0,57.99999999999999
1952,98.0,59.0
1953,98.0,57.99999999999999
1954,98.0,57.99999999999999
1955,98.0,59.0
1956,98.0,57.99999999999999
1957,98.0,56.99999999999999
1958,98.0,56.99999999999999
1959,98.0,56.99999999999999
1960,98.0,56.99999999999999
1961,98.0,56.99999999999999
1962,98.0,56.99999999999999
1963,98.0,56.99999999999999
1964,98.0,56.00000000000001
1965,98.0,56.00000000000001
1966,98.0,55.00000000000001
1967,98.0,55.00000000000001
1968,98.0,55.00000000000001
1969,98.0,54.0
1970,98.0,54.0
1971,98.0,54.0
1972,98.0,54.0
1973,98.0,55.00000000000001
1974,98.0,54.0
1975,98.0,55.00000000000001
1976,98.0,56.00000000000001
1977,97.0,56.99999999999999
1978,98.0,57.99999999999999
1979,98.0,57.99999999999999
1980,98.0,56.99999999999999
1981,98.0,56.00000000000001
1982,98.0,56.99999999999999
1983,98.0,56.00000000000001
1984,98.0,56.00000000000001
1985,98.0,56.99999999999999
1986,98.0,56.99999999999999
1987,98.0,57.99999999999999
1988,98.0,59.0
1989,98.0,59.0
1990,98.0,57.99999999999999
1991,98.0,59.0
1992,98.0,57.99999999999999
1993,98.0,57.99999999999999
1994,98.0,57.99999999999999
1995,98.0,56.99999999999999
1996,98.0,57.99999999999999
1997,98.0,57.99999999999999
1998,98.0,56.99999999999999
1999,98.0,56.00000000000001
2000,98.0,56.99999999999999
2001,98.0,56.00000000000001
2002,98.0,56.00000000000001
2003,98.0,56.99999999999999
2004,98.0,56.00000000000001
2005,98.0,56.00000000000001
2006,98.0,56.99999999999999
2007,98.0,57.99999999999999
2008,98.0,59.0
2009,98.0,60.0
2010,98.0,59.0
2011,98.0,60.0
2012,98.0,60.0
2013,98.0,61.0
2014,98.0,62.0
2015,98.0,62.0
2016,98.0,63.0
2017,98.0,64.0
2018,98.0,65.0
2019,98.0,66.0
2020,98.0,66.0
2021,98.0,67.0
2022,99.0,68.0
2023,99.0,68.0
2024,99.0,68.0
2025,99.0,68.0
2026,99.0,68.0
2027,99.0,69.0
2028,99.0,69.0
2029,99.0,69.0
2030,99.0,68.0
2031,99.0,68.0
2032,99.0,68.0
2033,99.0,68.0
2034,99.0,68.0
2035,99.0,68.0
2036,99.0,68.0
2037,99.0,68.0
2038,99.0,68.0
2039,99.0,69.0
2040,99.0,70.0
2041,99.0,71.0
2042,99.0,70.0
2043,99.0,70.0
2044,99.0,71.0
2045,99.0,71.0
2046,99.0,71.0
2047,99.0,72.0
2048,99.0,72.0
2049,99.0,72.0
2050,99.0,71.0
2051,99.0,71.0
2052,99.0,71.0
2053,99.0,72.0
2054,99.0,72.0
2055,99.0,72.0
2056,99.0,73.0
2057,99.0,74.0
2058,99.0,73.0
2059,99.0,73.0
2060,99.0,73.0
2061,99.0,73.0
2062,99.0,73.0
2063,99.0,73.0
2064,99.0,74.0
2065,99.0,74.0
2066,99.0,75.0
2067,99.0,74.0
2068,99.0,74.0
2069,99.0,74.0
2070,99.0,73.0
2071,99.0,72.0
2072,99.0,71.0
2073,99.0,70.0
2074,99.0,71.0
2075,99.0,71.0
2076,99.0,71.0
2077,100.0,70.0
2078,100.0,69.0
2079,100.0,69.0
2080,100.0,69.0
2081,100.0,69.0
2082,100.0,68.0
2083,100.0,69.0
2084,100.0,70.0
2085,100.0,70.0
2086,100.0,71.0
2087,100.0,71.0
2088,100.0,71.0
2089,100.0,72.0
2090,100.0,73.0
2091,100.0,72.0
2092,100.0,73.0
2093,100.0,73.0
2094,100.0,73.0
2095,100.0,73.0
2096,100.0,72.0
2097,100.0,71.0
2098,100.0,71.0
2099,100.0,72.0
2100,100.0,72.0
2101,100.0,73.0
2102,100.0,73.0
2103,100.0,72.0
2104,100.0,72.0
2105,100.0,72.0
2106,100.0,72.0
2107,100.0,72.0
2108,100.0,72.0
2109,100.0,71.0
2110,100.0,72.0
2111,100.0,72.0
2112,100.0,72.0
2113,100.0,72.0
2114,100.0,72.0
2115,100.0,72.0
2116,100.0,71.0
2117,100.0,70.0
2118,100.0,70.0
2119,100.0,70.0
2120,100.0,69.0
2121,100.0,69.0
2122,100.0,69.0
2123,100.0,68.0
2124,100.0,68.0
2125,100.0,68.0
2126,100.0,68.0
2127,100.0,68.0
2128,100.0,68.0
2129,100.0,68.0
2130,100.0,69.0
2131,100.0,69.0
2132,100.0,69.0
2133,100.0,69.0
2134,100.0,70.0
2135,100.0,70.0
2136,100.0,70.0
2137,100.0,70.0
2138,100.0,69.0
2139,100.0,68.0
2140,100.0,68.0
2141,100.0,68.0
2142,100.0,69.0
2143,100.0,68.0
2144,100.0,67.0
2145,100.0,66.0
2146,100.0,65.0
2147,99.0,64.0
2148,99.0,63.0
2149,99.0,63.0
2150,99.0,64.0
2151,99.0,64.0
2152,99.0,63.0
2153,99.0,63.0
2154,99.0,62.0
2155,99.0,61.0
2156,99.0,61.0
2157,99.0,61.0
2158,99.0,62.0
2159,99.0,62.0
2160,99.0,61.0
2161,99.0,60.0
2162,99.0,60.0
2163,99.0,59.0
2164,99.0,59.0
2165,99.0,59.0
2166,99.0,59.0
2167,99.0,59.0
2168,99.0,60.0
2169,99.0,61.0
2170,99.0,61.0
2171,99.0,61.0
2172,99.0,62.0
2173,99.0,62.0
2174,99.0,62.0
2175,99.0,62.0
2176,99.0,61.0
2177,99.0,62.0
2178,99.0,62.0
2179,98.0,62.0
2180,98.0,63.0
2181,98.0,64.0
2182,98.0,64.0
2183,98.0,63.0
2184,98.0,63.0
2185,98.0,63.0
2186,98.0,63.0
2187,98.0,62.0
2188,98.0,62.0
2189,98.0,62.0
2190,98.0,62.0
2191,98.0,63.0
2192,98.0,62.0
2193,98.0,62.0
2194,98.0,62.0
2195,98.0,63.0
2196,98.0,63.0
2197,98.0,63.0
2198,98.0,63.0
2199,98.0,62.0
2200,98.0,61.0
2201,98.0,61.0
2202,98.0,60.0
2203,98.0,61.0
2204,98.0,62.0
2205,98.0,63.0
2206,98.0,62.0
2207,98.0,61.0
2208,98.0,61.0
2209,98.0,61.0
2210,98.0,60.0
2211,98.0,60.0
2212,98.0,60.0
2213,98.0,60.0
2214,98.0,59.0
2215,98.0,59.0
2216,98.0,59.0
2217,98.0,59.0
2218,98.0,59.0
2219,98.0,59.0
2220,98.0,60.0
2221,98.0,60.0
2222,98.0,59.0
2223,98.0,60.0
2224,98.0,60.0
2225,98.0,60.0
2226,98.0,59.0
2227,98.0,59.0
2228,98.0,57.99999999999999
2229,98.0,56.99999999999999
2230,98.0,56.99999999999999
2231,98.0,56.99999999999999
2232,98.0,56.99999999999999
2233,98.0,56.99999999999999
2234,98.0,56.99999999999999
2235,98.0,56.99999999999999
2236,98.0,56.99999999999999
2237,98.0,56.99999999999999
2238,98.0,57.99999999999999
2239,98.0,59.0
2240,98.0,57.99999999999999
2241,98.0,57.99999999999999
2242,98.0,57.99999999999999
2243,98.0,59.0
2244,98.0,59.0
2245,98.0,60.0
2246,98.0,61.0
2247,99.0,62.0
2248,99.0,63.0
2249,99.0,63.0
2250,99.0,63.0
2251,99.0,64.0
2252,99.0,65.0
2253,99.0,65.0
2254,99.0,66.0
2255,99.0,66.0
2256,99.0,66.0
2257,99.0,66.0
2258,99.0,66.0
2259,99.0,66.0
2260,99.0,67.0
2261,99.0,68.0
2262,99.0,68.0
2263,99.0,68.0
2264,99.0,68.0
2265,99.0,68.0
2266,99.0,68.0
2267,99.0,69.0
2268,99.0,69.0
2269,99.0,69.0
2270,99.0,70.0
2271,99.0,70.0
2272,99.0,70.0
2273,99.0,71.0
2274,99.0,71.0
2275,99.0,71.0
2276,99.0,72.0
2277,99.0,72.0
2278,99.0,73.0
2279,100.0,74.0
2280,100.0,74.0
2281,100.0,74.0
2282,100.0,75.0
2283,100.0,76.0
2284,100.0,76.0
2285,100.0,76.0
2286,100.0,76.0
2287,100.0,76.0
2288,100.0,76.0
2289,100.0,76.0
2290,100.0,75.0
2291,100.0,75.0
2292,100.0,76.0
2293,100.0,76.0
2294,100.0,75.0
2295,100.0,75.0
2296,100.0,76.0
2297,100.0,77.0
2298,100.0,78.0
2299,100.0,79.0
2300,100.0,80.0
2301,100.0,79.0
2302,100.0,79.0
2303,100.0,79.0
2304,100.0,79.0
2305,100.0,79.0
2306,100.0,80.0
2307,100.0,80.0
2308,100.0,80.0
2309,100.0,81.0
2310,100.0,82.0
2311,100.0,82.0
2312,100.0,81.0
2313,100.0,81.0
2314,100.0,82.0
2315,100.0,82.0
2316,100.0,83.0
2317,100.0,84.0
2318,100.0,83.0
2319,100.0,83.0
2320,100.0,82.0
2321,100.0,82.0
2322,100.0,82.0
2323,100.0,82.0
2324,100.0,82.0
2325,100.0,82.0
2326,100.0,82.0
2327,100.0,81.0
2328,100.0,82.0
2329,100.0,82.0
2330,100.0,81.0
2331,100.0,81.0
2332,100.0,81.0
2333,100.0,81.0
2334,100.0,80.0
2335,99.0,79.0
2336,99.0,78.0
2337,99.0,78.0
2338,99.0,78.0
2339,99.0,78.0
2340,99.0,79.0
2341,99.0,79.0
2342,99.0,79.0
2343,99.0,79.0
2344,99.0,79.0
2345,99.0,78.0
2346,99.0,78.0
2347,99.0,77.0
2348,99.0,77.0
2349,99.0,77.0
2350,99.0,77.0
2351,99.0,77.0
2352,99.0,76.0
2353,99.0,76.0
2354,99.0,75.0
2355,99.0,75.0
2356,99.0,75.0
2357,99.0,74.0
2358,99.0,74.0
2359,99.0,74.0
2360,99.0,74.0
2361,99.0,74.0
2362,99.0,74.0
2363,99.0,75.0
2364,99.0,75.0
2365,99.0,75.0
2366,99.0,75.0
2367,99.0,75.0
2368,99.0,75.0
2369,99.0,75.0
2370,99.0,75.0
2371,99.0,76.0
2372,99.0,76.0
2373,99.0,76.0
2374,99.0,76.0
2375,99.0,76.0
2376,99.0,76.0
2377,99.0,76.0
2378,99.0,76.0
2379,99.0,75.0
2380,99.0,75.0
2381,99.0,75.0
2382,99.0,74.0
2383,99.0,74.0
2384,99.0,74.0
2385,99.0,73.0
2386,99.0,73.0
2387,99.0,73.0
2388,99.0,72.0
2389,99.0,72.0
2390,99.0,73.0
2391,99.0,72.0
2392,99.0,72.0
2393,99.0,72.0
2394,99.0,73.0
2395,99.0,73.0
2396,99.0,72.0
2397,99.0,72.0
2398,99.0,72.0
2399,99.0,72.0
2400,99.0,72.0
2401,99.0,73.0
2402,99.0,74.0
2403,99.0,74.0
2404,99.0,74.0
2405,99.0,74.0
2406,99.0,74.0
2407,99.0,74.0
2408,99.0,73.0
2409,99.0,72.0
2410,99.0,72.0
2411,99.0,72.0
2412,99.0,72.0
2413,99.0,71.0
2414,99.0,71.0
2415,99.0,71.0
2416,99.0,71.0
2417,99.0,70.0
2418,99.0,70.0
2419,99.0,70.0
2420,99.0,71.0
2421,99.0,71.0
2422,99.0,71.0
2423,99.0,71.0
2424,99.0,71.0
2425,99.0,70.0
2426,99.0,71.0
2427,99.0,71.0
2428,99.0,71.0
2429,99.0,72.0
2430,99.0,73.0
2431,99.0,73.0
2432,99.0,73.0
2433,99.0,72.0
2434,99.0,73.0
2435,100.0,74.0
2436,100.0,75.0
2437,100.0,74.0
2438,100.0,73.0
2439,100.0,73.0
