pointer,NC_026470
49,23.0
50,23.0
51,24.0
52,24.0
53,24.0
54,24.0
55,24.0
56,24.0
57,24.0
58,23.0
59,23.0
60,23.0
61,23.0
62,23.0
63,22.0
64,21.0
65,21.0
66,21.0
67,22.0
68,22.0
69,22.0
70,23.0
71,23.0
72,23.0
73,23.0
74,24.0
75,24.0
76,23.0
77,23.0
78,23.0
79,23.0
80,22.0
81,22.0
82,22.0
83,22.0
84,22.0
85,21.0
86,21.0
87,21.0
88,21.0
89,21.0
90,21.0
91,20.0
92,21.0
93,22.0
94,22.0
95,23.0
96,23.0
97,23.0
98,22.0
99,22.0
100,21.0
101,21.0
102,22.0
103,23.0
104,24.0
105,24.0
106,24.0
107,23.0
108,23.0
109,23.0
110,23.0
111,23.0
112,23.0
113,24.0
114,24.0
115,24.0
116,23.0
117,23.0
118,23.0
119,23.0
120,23.0
121,23.0
122,23.0
123,23.0
124,23.0
125,23.0
126,24.0
127,25.0
128,25.0
129,25.0
130,25.0
131,26.0
132,25.0
133,25.0
134,25.0
135,25.0
136,25.0
137,25.0
138,25.0
139,25.0
140,26.0
141,25.0
142,24.0
143,23.0
144,22.0
145,22.0
146,22.0
147,22.0
148,21.0
149,20.0
150,19.0
151,18.0
152,18.0
153,18.0
154,18.0
155,19.0
156,19.0
157,19.0
158,19.0
159,19.0
160,19.0
161,19.0
162,19.0
163,19.0
164,19.0
165,19.0
166,19.0
167,19.0
168,19.0
169,19.0
170,18.0
171,19.0
172,19.0
173,19.0
174,18.0
175,18.0
176,19.0
177,19.0
178,19.0
179,19.0
180,19.0
181,19.0
182,19.0
183,19.0
184,19.0
185,19.0
186,19.0
187,19.0
188,20.0
189,21.0
190,22.0
191,23.0
192,23.0
193,22.0
194,22.0
195,21.0
196,21.0
197,21.0
198,21.0
199,21.0
200,21.0
201,21.0
202,20.0
203,19.0
204,18.0
205,18.0
206,18.0
207,18.0
208,18.0
209,17.0
210,17.0
211,17.0
212,17.0
213,16.0
214,16.0
215,16.0
216,16.0
217,16.0
218,16.0
219,16.0
220,16.0
221,16.0
222,16.0
223,15.0
224,15.0
225,15.0
226,14.000000000000002
227,13.0
228,13.0
229,13.0
230,13.0
231,12.0
232,12.0
233,12.0
234,12.0
235,12.0
236,12.0
237,12.0
238,12.0
239,13.0
240,12.0
241,12.0
242,13.0
243,13.0
244,13.0
245,13.0
246,13.0
247,13.0
248,13.0
249,13.0
250,13.0
251,13.0
252,14.000000000000002
253,14.000000000000002
254,14.000000000000002
255,13.0
256,13.0
257,13.0
258,13.0
259,13.0
260,13.0
261,13.0
262,14.000000000000002
263,14.000000000000002
264,14.000000000000002
265,15.0
266,15.0
267,15.0
268,16.0
269,16.0
270,17.0
271,17.0
272,18.0
273,19.0
274,20.0
275,21.0
276,20.0
277,20.0
278,20.0
279,20.0
280,20.0
281,20.0
282,20.0
283,20.0
284,20.0
285,20.0
286,20.0
287,20.0
288,19.0
289,19.0
290,18.0
291,17.0
292,16.0
293,16.0
294,16.0
295,16.0
296,15.0
297,16.0
298,16.0
299,16.0
300,16.0
301,17.0
302,18.0
303,18.0
304,18.0
305,18.0
306,18.0
307,18.0
308,18.0
309,18.0
310,18.0
311,18.0
312,18.0
313,18.0
314,18.0
315,19.0
316,19.0
317,19.0
318,19.0
319,20.0
320,20.0
321,21.0
322,22.0
323,23.0
324,24.0
325,25.0
326,26.0
327,26.0
328,26.0
329,26.0
330,26.0
331,26.0
332,26.0
333,26.0
334,26.0
335,26.0
336,26.0
337,26.0
338,25.0
339,24.0
340,24.0
341,24.0
342,23.0
343,23.0
344,23.0
345,23.0
346,23.0
347,23.0
348,24.0
349,24.0
350,24.0
351,25.0
352,25.0
353,25.0
354,25.0
355,25.0
356,25.0
357,25.0
358,25.0
359,25.0
360,25.0
361,26.0
362,25.0
363,25.0
364,25.0
365,24.0
366,24.0
367,23.0
368,22.0
369,22.0
370,21.0
371,20.0
372,19.0
373,18.0
374,17.0
375,17.0
376,18.0
377,18.0
378,18.0
379,18.0
380,19.0
381,19.0
382,20.0
383,20.0
384,20.0
385,20.0
386,20.0
387,20.0
388,20.0
389,19.0
390,19.0
391,19.0
392,19.0
393,19.0
394,19.0
395,19.0
396,19.0
397,18.0
398,18.0
399,18.0
400,18.0
401,17.0
402,17.0
403,17.0
404,17.0
405,17.0
406,18.0
407,18.0
408,18.0
409,18.0
410,18.0
411,18.0
412,18.0
413,18.0
414,18.0
415,17.0
416,17.0
417,17.0
418,17.0
419,16.0
420,16.0
421,15.0
422,15.0
423,14.000000000000002
424,14.000000000000002
425,13.0
426,12.0
427,12.0
428,12.0
429,13.0
430,13.0
431,13.0
432,13.0
433,13.0
434,13.0
435,13.0
436,13.0
437,13.0
438,14.000000000000002
439,14.000000000000002
440,14.000000000000002
441,15.0
442,15.0
443,15.0
444,15.0
445,15.0
446,15.0
447,15.0
448,14.000000000000002
449,14.000000000000002
450,14.000000000000002
451,13.0
452,12.0
453,12.0
454,13.0
455,14.000000000000002
456,14.000000000000002
457,14.000000000000002
458,14.000000000000002
459,15.0
460,16.0
461,15.0
462,16.0
463,16.0
464,16.0
465,16.0
466,17.0
467,17.0
468,17.0
469,18.0
470,19.0
471,19.0
472,20.0
473,20.0
474,20.0
475,19.0
476,19.0
477,20.0
478,21.0
479,22.0
480,21.0
481,22.0
482,21.0
483,22.0
484,22.0
485,22.0
486,23.0
487,23.0
488,24.0
489,25.0
490,26.0
491,27.0
492,27.0
493,27.0
494,27.0
495,27.0
496,27.0
497,27.0
498,28.000000000000004
499,28.999999999999996
500,28.999999999999996
501,28.999999999999996
502,28.999999999999996
503,28.999999999999996
504,30.0
505,30.0
506,30.0
507,31.0
508,31.0
509,32.0
510,33.0
511,34.0
512,35.0
513,35.0
514,36.0
515,36.0
516,37.0
517,37.0
518,37.0
519,37.0
520,37.0
521,37.0
522,36.0
523,37.0
524,37.0
525,37.0
526,37.0
527,38.0
528,39.0
529,39.0
530,39.0
531,39.0
532,40.0
533,41.0
534,42.0
535,43.0
536,44.0
537,45.0
538,44.0
539,45.0
540,46.0
541,46.0
542,47.0
543,47.0
544,48.0
545,48.0
546,48.0
547,48.0
548,48.0
549,48.0
550,48.0
551,49.0
552,49.0
553,50.0
554,50.0
555,50.0
556,50.0
557,50.0
558,51.0
559,51.0
560,50.0
561,50.0
562,49.0
563,49.0
564,50.0
565,50.0
566,50.0
567,50.0
568,50.0
569,50.0
570,49.0
571,49.0
572,48.0
573,49.0
574,49.0
575,50.0
576,50.0
577,50.0
578,50.0
579,49.0
580,50.0
581,50.0
582,50.0
583,49.0
584,50.0
585,51.0
586,50.0
587,50.0
588,49.0
589,49.0
590,49.0
591,48.0
592,49.0
593,49.0
594,49.0
595,49.0
596,50.0
597,50.0
598,50.0
599,50.0
600,50.0
601,50.0
602,49.0
603,49.0
604,48.0
605,48.0
606,47.0
607,47.0
608,47.0
609,47.0
610,47.0
611,47.0
612,47.0
613,48.0
614,47.0
615,47.0
616,47.0
617,47.0
618,47.0
619,48.0
620,48.0
621,48.0
622,48.0
623,47.0
624,47.0
625,47.0
626,47.0
627,46.0
628,46.0
629,45.0
630,45.0
631,46.0
632,45.0
633,44.0
634,43.0
635,43.0
636,42.0
637,42.0
638,43.0
639,42.0
640,41.0
641,41.0
642,41.0
643,42.0
644,42.0
645,43.0
646,44.0
647,44.0
648,45.0
649,46.0
650,47.0
651,46.0
652,47.0
653,46.0
654,46.0
655,46.0
656,47.0
657,47.0
658,46.0
659,45.0
660,46.0
661,47.0
662,47.0
663,47.0
664,46.0
665,46.0
666,45.0
667,45.0
668,45.0
669,44.0
670,45.0
671,46.0
672,46.0
673,45.0
674,45.0
675,44.0
676,43.0
677,43.0
678,43.0
679,43.0
680,42.0
681,41.0
682,41.0
683,41.0
684,41.0
685,40.0
686,41.0
687,41.0
688,41.0
689,40.0
690,39.0
691,39.0
692,38.0
693,38.0
694,38.0
695,38.0
696,37.0
697,37.0
698,36.0
699,35.0
700,35.0
701,35.0
702,35.0
703,35.0
704,35.0
705,35.0
706,35.0
707,34.0
708,34.0
709,34.0
710,34.0
711,33.0
712,33.0
713,33.0
714,33.0
715,33.0
716,33.0
717,34.0
718,35.0
719,35.0
720,35.0
721,36.0
722,37.0
723,37.0
724,37.0
725,38.0
726,38.0
727,39.0
728,38.0
729,39.0
730,40.0
731,40.0
732,40.0
733,41.0
734,42.0
735,42.0
736,43.0
737,43.0
738,42.0
739,42.0
740,43.0
741,42.0
742,41.0
743,40.0
744,39.0
745,38.0
746,37.0
747,38.0
748,37.0
749,36.0
750,36.0
751,37.0
752,37.0
753,37.0
754,36.0
755,36.0
756,36.0
757,37.0
758,37.0
759,38.0
760,38.0
761,37.0
762,37.0
763,37.0
764,37.0
765,38.0
766,39.0
767,40.0
768,41.0
769,42.0
770,42.0
771,41.0
772,42.0
773,42.0
774,42.0
775,43.0
776,43.0
777,43.0
778,43.0
779,43.0
780,44.0
781,45.0
782,46.0
783,47.0
784,47.0
785,48.0
786,47.0
787,47.0
788,47.0
789,47.0
790,47.0
791,48.0
792,48.0
793,48.0
794,49.0
795,49.0
796,50.0
797,51.0
798,52.0
799,52.0
800,52.0
801,53.0
802,54.0
803,55.00000000000001
804,56.00000000000001
805,56.99999999999999
806,56.99999999999999
807,57.99999999999999
808,59.0
809,59.0
810,57.99999999999999
811,59.0
812,57.99999999999999
813,57.99999999999999
814,59.0
815,59.0
816,59.0
817,57.99999999999999
818,56.99999999999999
819,56.00000000000001
820,56.00000000000001
821,55.00000000000001
822,54.0
823,54.0
824,53.0
825,53.0
826,53.0
827,52.0
828,52.0
829,51.0
830,50.0
831,49.0
832,49.0
833,49.0
834,49.0
835,48.0
836,48.0
837,48.0
838,49.0
839,49.0
840,49.0
841,50.0
842,51.0
843,51.0
844,51.0
845,52.0
846,53.0
847,53.0
848,54.0
849,54.0
850,53.0
851,52.0
852,51.0
853,51.0
854,51.0
855,50.0
856,49.0
857,49.0
858,49.0
859,49.0
860,49.0
861,50.0
862,51.0
863,51.0
864,51.0
865,50.0
866,50.0
867,49.0
868,49.0
869,48.0
870,47.0
871,47.0
872,46.0
873,46.0
874,46.0
875,45.0
876,45.0
877,44.0
878,44.0
879,44.0
880,43.0
881,42.0
882,41.0
883,41.0
884,40.0
885,39.0
886,39.0
887,39.0
888,40.0
889,41.0
890,42.0
891,41.0
892,41.0
893,41.0
894,40.0
895,40.0
896,39.0
897,38.0
898,37.0
899,38.0
900,39.0
901,39.0
902,38.0
903,38.0
904,37.0
905,36.0
906,36.0
907,36.0
908,36.0
909,35.0
910,36.0
911,36.0
912,37.0
913,37.0
914,37.0
915,38.0
916,38.0
917,38.0
918,39.0
919,40.0
920,41.0
921,41.0
922,42.0
923,42.0
924,43.0
925,43.0
926,44.0
927,45.0
928,46.0
929,47.0
930,48.0
931,49.0
932,49.0
933,49.0
934,48.0
935,48.0
936,47.0
937,46.0
938,45.0
939,46.0
940,45.0
941,44.0
942,44.0
943,44.0
944,44.0
945,43.0
946,42.0
947,42.0
948,42.0
949,42.0
950,43.0
951,44.0
952,44.0
953,45.0
954,46.0
955,47.0
956,47.0
957,47.0
958,47.0
959,46.0
960,46.0
961,46.0
962,46.0
963,47.0
964,48.0
965,48.0
966,47.0
967,47.0
968,47.0
969,47.0
970,48.0
971,48.0
972,48.0
973,48.0
974,48.0
975,48.0
976,49.0
977,49.0
978,49.0
979,49.0
980,49.0
981,50.0
982,51.0
983,50.0
984,50.0
985,50.0
986,51.0
987,51.0
988,51.0
989,51.0
990,51.0
991,51.0
992,51.0
993,52.0
994,53.0
995,54.0
996,54.0
997,54.0
998,54.0
999,54.0
1000,53.0
1001,52.0
1002,52.0
1003,51.0
1004,51.0
1005,51.0
1006,52.0
1007,51.0
1008,50.0
1009,50.0
1010,50.0
1011,50.0
1012,49.0
1013,49.0
1014,49.0
1015,48.0
1016,47.0
1017,47.0
1018,46.0
1019,46.0
1020,45.0
1021,45.0
1022,44.0
1023,45.0
1024,44.0
1025,43.0
1026,43.0
1027,42.0
1028,42.0
1029,42.0
1030,42.0
1031,42.0
1032,43.0
1033,43.0
1034,44.0
1035,44.0
1036,44.0
1037,44.0
1038,44.0
1039,43.0
1040,43.0
1041,43.0
1042,42.0
1043,42.0
1044,43.0
1045,44.0
1046,44.0
1047,44.0
1048,43.0
1049,44.0
1050,43.0
1051,43.0
1052,44.0
1053,44.0
1054,43.0
1055,42.0
1056,42.0
1057,41.0
1058,41.0
1059,41.0
1060,41.0
1061,40.0
1062,39.0
1063,39.0
1064,39.0
1065,40.0
1066,41.0
1067,42.0
1068,41.0
1069,41.0
1070,40.0
1071,40.0
1072,40.0
1073,40.0
1074,40.0
1075,40.0
1076,39.0
1077,39.0
1078,38.0
1079,38.0
1080,38.0
1081,37.0
1082,36.0
1083,36.0
1084,36.0
1085,37.0
1086,36.0
1087,37.0
1088,36.0
1089,35.0
1090,34.0
1091,34.0
1092,34.0
1093,33.0
1094,32.0
1095,31.0
1096,31.0
1097,32.0
1098,32.0
1099,31.0
1100,32.0
1101,32.0
1102,32.0
1103,32.0
1104,32.0
1105,32.0
1106,31.0
1107,31.0
1108,32.0
1109,32.0
1110,31.0
1111,30.0
1112,31.0
1113,30.0
1114,28.999999999999996
1115,28.999999999999996
1116,28.999999999999996
1117,28.999999999999996
1118,28.999999999999996
1119,28.999999999999996
1120,30.0
1121,30.0
1122,30.0
1123,28.999999999999996
1124,30.0
1125,30.0
1126,28.999999999999996
1127,28.999999999999996
1128,28.000000000000004
1129,28.000000000000004
1130,27.0
1131,26.0
1132,25.0
1133,24.0
1134,23.0
1135,23.0
1136,23.0
1137,23.0
1138,23.0
1139,24.0
1140,25.0
1141,26.0
1142,27.0
1143,28.000000000000004
1144,27.0
1145,26.0
1146,27.0
1147,26.0
1148,27.0
1149,27.0
1150,28.000000000000004
1151,27.0
1152,26.0
1153,26.0
1154,26.0
1155,26.0
1156,26.0
1157,26.0
1158,26.0
1159,26.0
1160,25.0
1161,26.0
1162,26.0
1163,25.0
1164,24.0
1165,23.0
1166,22.0
1167,21.0
1168,21.0
1169,22.0
1170,22.0
1171,23.0
1172,24.0
1173,25.0
1174,25.0
1175,26.0
1176,26.0
1177,26.0
1178,26.0
1179,27.0
1180,27.0
1181,27.0
1182,27.0
1183,28.000000000000004
1184,28.000000000000004
1185,27.0
1186,28.000000000000004
1187,28.000000000000004
1188,28.999999999999996
1189,28.999999999999996
1190,30.0
1191,30.0
1192,30.0
1193,31.0
1194,31.0
1195,32.0
1196,32.0
1197,32.0
1198,32.0
1199,33.0
1200,32.0
1201,33.0
1202,34.0
1203,35.0
1204,36.0
1205,37.0
1206,37.0
1207,37.0
1208,36.0
1209,37.0
1210,37.0
1211,37.0
1212,37.0
1213,38.0
1214,39.0
1215,39.0
1216,39.0
1217,40.0
1218,40.0
1219,40.0
1220,40.0
1221,41.0
1222,42.0
1223,43.0
1224,43.0
1225,43.0
1226,43.0
1227,43.0
1228,43.0
1229,43.0
1230,43.0
1231,44.0
1232,44.0
1233,44.0
1234,45.0
1235,45.0
1236,45.0
1237,45.0
1238,46.0
1239,45.0
1240,44.0
1241,43.0
1242,43.0
1243,42.0
1244,42.0
1245,42.0
1246,42.0
1247,43.0
1248,43.0
1249,42.0
1250,42.0
1251,43.0
1252,43.0
1253,43.0
1254,43.0
1255,43.0
1256,43.0
1257,43.0
1258,43.0
1259,43.0
1260,43.0
1261,42.0
1262,42.0
1263,42.0
1264,42.0
1265,42.0
1266,42.0
1267,43.0
1268,43.0
1269,42.0
1270,42.0
1271,41.0
1272,40.0
1273,40.0
1274,40.0
1275,40.0
1276,41.0
1277,41.0
1278,42.0
1279,42.0
1280,42.0
1281,43.0
1282,44.0
1283,43.0
1284,44.0
1285,45.0
1286,45.0
1287,45.0
1288,45.0
1289,45.0
1290,44.0
1291,44.0
1292,45.0
1293,44.0
1294,45.0
1295,45.0
1296,45.0
1297,44.0
1298,44.0
1299,43.0
1300,43.0
1301,42.0
1302,41.0
1303,40.0
1304,39.0
1305,38.0
1306,39.0
1307,39.0
1308,39.0
1309,38.0
1310,38.0
1311,38.0
1312,38.0
1313,37.0
1314,36.0
1315,36.0
1316,37.0
1317,36.0
1318,36.0
1319,35.0
1320,35.0
1321,34.0
1322,33.0
1323,32.0
1324,31.0
1325,31.0
1326,32.0
1327,32.0
1328,33.0
1329,32.0
1330,32.0
1331,31.0
1332,31.0
1333,31.0
1334,30.0
1335,30.0
1336,30.0
1337,30.0
1338,28.999999999999996
1339,30.0
1340,30.0
1341,30.0
1342,28.999999999999996
1343,28.999999999999996
1344,30.0
1345,31.0
1346,31.0
1347,31.0
1348,30.0
1349,31.0
1350,31.0
1351,31.0
1352,32.0
1353,31.0
1354,31.0
1355,31.0
1356,31.0
1357,31.0
1358,31.0
1359,31.0
1360,31.0
1361,32.0
1362,32.0
1363,33.0
1364,33.0
1365,33.0
1366,33.0
1367,32.0
1368,32.0
1369,32.0
1370,32.0
1371,32.0
1372,32.0
1373,32.0
1374,32.0
1375,32.0
1376,32.0
1377,32.0
1378,31.0
1379,30.0
1380,31.0
1381,31.0
1382,31.0
1383,31.0
1384,30.0
1385,30.0
1386,30.0
1387,28.999999999999996
1388,28.000000000000004
1389,28.999999999999996
1390,28.999999999999996
1391,28.999999999999996
1392,28.000000000000004
1393,28.000000000000004
1394,27.0
1395,27.0
1396,28.000000000000004
1397,28.000000000000004
1398,28.000000000000004
1399,28.000000000000004
1400,28.000000000000004
1401,28.000000000000004
1402,28.999999999999996
1403,28.999999999999996
1404,28.999999999999996
1405,28.999999999999996
1406,28.999999999999996
1407,28.999999999999996
1408,30.0
1409,30.0
1410,31.0
1411,32.0
1412,31.0
1413,32.0
1414,32.0
1415,32.0
1416,31.0
1417,32.0
1418,33.0
1419,34.0
1420,34.0
1421,34.0
1422,34.0
1423,35.0
1424,36.0
1425,37.0
1426,36.0
1427,36.0
1428,36.0
1429,37.0
1430,38.0
1431,38.0
1432,39.0
1433,39.0
1434,39.0
1435,39.0
1436,40.0
1437,41.0
1438,41.0
1439,40.0
1440,40.0
1441,40.0
1442,41.0
1443,41.0
1444,41.0
1445,40.0
1446,40.0
1447,40.0
1448,41.0
1449,40.0
1450,40.0
1451,40.0
1452,39.0
1453,39.0
1454,40.0
1455,40.0
1456,41.0
1457,41.0
1458,42.0
1459,43.0
1460,44.0
1461,43.0
1462,44.0
1463,43.0
1464,43.0
1465,43.0
1466,43.0
1467,43.0
1468,44.0
1469,44.0
1470,44.0
1471,44.0
1472,44.0
1473,43.0
1474,43.0
1475,42.0
1476,41.0
1477,41.0
1478,41.0
1479,41.0
1480,40.0
1481,40.0
1482,39.0
1483,39.0
1484,39.0
1485,39.0
1486,38.0
1487,38.0
1488,38.0
1489,38.0
1490,39.0
1491,39.0
1492,39.0
1493,39.0
1494,39.0
1495,38.0
1496,37.0
1497,37.0
1498,37.0
1499,38.0
1500,38.0
1501,39.0
1502,39.0
1503,40.0
1504,41.0
1505,41.0
1506,40.0
1507,41.0
1508,40.0
1509,40.0
1510,39.0
1511,39.0
1512,39.0
1513,39.0
1514,39.0
1515,39.0
1516,39.0
1517,39.0
1518,38.0
1519,38.0
1520,38.0
1521,38.0
1522,39.0
1523,38.0
1524,37.0
1525,36.0
1526,36.0
1527,36.0
1528,35.0
1529,34.0
1530,33.0
1531,33.0
1532,32.0
1533,32.0
1534,32.0
1535,33.0
1536,33.0
1537,32.0
1538,33.0
1539,33.0
1540,33.0
1541,33.0
1542,32.0
1543,33.0
1544,33.0
1545,33.0
1546,33.0
1547,33.0
1548,32.0
1549,33.0
1550,32.0
1551,32.0
1552,32.0
1553,33.0
1554,32.0
1555,32.0
1556,31.0
1557,32.0
1558,31.0
1559,30.0
1560,30.0
1561,30.0
1562,30.0
1563,30.0
1564,31.0
1565,32.0
1566,32.0
1567,33.0
1568,33.0
1569,34.0
1570,34.0
1571,34.0
1572,35.0
1573,35.0
1574,35.0
1575,35.0
1576,35.0
1577,35.0
1578,36.0
1579,37.0
1580,37.0
1581,36.0
1582,36.0
1583,37.0
1584,38.0
1585,37.0
1586,37.0
1587,37.0
1588,37.0
1589,36.0
1590,35.0
1591,35.0
1592,35.0
1593,35.0
1594,36.0
1595,37.0
1596,38.0
1597,38.0
1598,39.0
1599,39.0
1600,39.0
1601,38.0
1602,38.0
1603,37.0
1604,36.0
1605,37.0
1606,37.0
1607,37.0
1608,37.0
1609,37.0
1610,37.0
1611,36.0
1612,36.0
1613,36.0
1614,36.0
1615,36.0
1616,36.0
1617,35.0
1618,35.0
1619,34.0
1620,33.0
1621,33.0
1622,32.0
1623,32.0
1624,33.0
1625,33.0
1626,33.0
1627,34.0
1628,35.0
1629,35.0
1630,36.0
1631,37.0
1632,37.0
1633,37.0
1634,38.0
1635,38.0
1636,38.0
1637,38.0
1638,38.0
1639,38.0
1640,38.0
1641,38.0
1642,38.0
1643,38.0
1644,38.0
1645,39.0
1646,39.0
1647,39.0
1648,40.0
1649,39.0
1650,39.0
1651,38.0
1652,38.0
1653,37.0
1654,38.0
1655,39.0
1656,39.0
1657,38.0
1658,38.0
1659,38.0
1660,38.0
1661,38.0
1662,38.0
1663,39.0
1664,39.0
1665,39.0
1666,40.0
1667,40.0
1668,40.0
1669,40.0
1670,41.0
1671,41.0
1672,41.0
1673,42.0
1674,43.0
1675,44.0
1676,45.0
1677,46.0
1678,46.0
1679,46.0
1680,47.0
1681,48.0
1682,48.0
1683,47.0
1684,47.0
1685,48.0
1686,49.0
1687,49.0
1688,50.0
1689,51.0
1690,51.0
1691,51.0
1692,51.0
1693,51.0
1694,50.0
1695,50.0
1696,50.0
1697,51.0
1698,51.0
1699,51.0
1700,51.0
1701,52.0
1702,51.0
1703,52.0
1704,52.0
1705,51.0
1706,51.0
1707,50.0
1708,51.0
1709,52.0
1710,53.0
1711,53.0
1712,53.0
1713,53.0
1714,53.0
1715,54.0
1716,55.00000000000001
1717,56.00000000000001
1718,56.99999999999999
1719,57.99999999999999
1720,59.0
1721,60.0
1722,61.0
1723,62.0
1724,62.0
1725,63.0
1726,64.0
1727,64.0
1728,63.0
1729,64.0
1730,64.0
1731,63.0
1732,64.0
1733,65.0
1734,65.0
1735,65.0
1736,65.0
1737,66.0
1738,66.0
1739,67.0
1740,68.0
1741,68.0
1742,69.0
1743,69.0
1744,69.0
1745,68.0
1746,68.0
1747,68.0
1748,67.0
1749,68.0
1750,68.0
1751,69.0
1752,70.0
1753,71.0
1754,71.0
1755,71.0
1756,72.0
1757,72.0
1758,73.0
1759,74.0
1760,74.0
1761,74.0
1762,73.0
1763,73.0
1764,73.0
1765,73.0
1766,73.0
1767,72.0
1768,71.0
1769,70.0
1770,70.0
1771,71.0
1772,71.0
1773,70.0
1774,70.0
1775,70.0
1776,69.0
1777,69.0
1778,68.0
1779,67.0
1780,67.0
1781,66.0
1782,66.0
1783,67.0
1784,67.0
1785,67.0
1786,67.0
1787,68.0
1788,68.0
1789,68.0
1790,68.0
1791,69.0
1792,69.0
1793,70.0
1794,71.0
1795,70.0
1796,70.0
1797,69.0
1798,68.0
1799,67.0
1800,67.0
1801,66.0
1802,66.0
1803,66.0
1804,66.0
1805,67.0
1806,67.0
1807,67.0
1808,67.0
1809,67.0
1810,66.0
1811,67.0
1812,67.0
1813,67.0
1814,68.0
1815,67.0
1816,66.0
1817,65.0
1818,64.0
1819,63.0
1820,62.0
1821,62.0
1822,61.0
1823,60.0
1824,59.0
1825,59.0
1826,57.99999999999999
1827,57.99999999999999
1828,59.0
1829,59.0
1830,57.99999999999999
1831,57.99999999999999
1832,57.99999999999999
1833,57.99999999999999
1834,56.99999999999999
1835,56.99999999999999
1836,56.00000000000001
1837,55.00000000000001
1838,54.0
1839,53.0
1840,52.0
1841,52.0
1842,51.0
1843,51.0
1844,50.0
1845,51.0
1846,51.0
1847,51.0
1848,52.0
1849,52.0
1850,52.0
1851,51.0
1852,51.0
1853,51.0
1854,50.0
1855,50.0
1856,49.0
1857,49.0
1858,48.0
1859,47.0
1860,47.0
1861,47.0
1862,47.0
1863,47.0
1864,46.0
1865,46.0
1866,45.0
1867,46.0
1868,46.0
1869,46.0
1870,46.0
1871,46.0
1872,46.0
1873,46.0
1874,46.0
1875,46.0
1876,47.0
1877,46.0
1878,47.0
1879,47.0
1880,46.0
1881,46.0
1882,46.0
1883,46.0
1884,45.0
1885,45.0
1886,44.0
1887,44.0
1888,43.0
1889,42.0
1890,42.0
1891,41.0
1892,41.0
1893,40.0
1894,39.0
1895,39.0
1896,38.0
1897,38.0
1898,38.0
1899,38.0
1900,38.0
1901,38.0
1902,38.0
1903,37.0
1904,38.0
1905,38.0
1906,39.0
1907,39.0
1908,38.0
1909,37.0
1910,37.0
1911,36.0
1912,36.0
1913,36.0
1914,35.0
1915,35.0
1916,35.0
1917,36.0
1918,36.0
1919,37.0
1920,37.0
1921,36.0
1922,36.0
1923,37.0
1924,38.0
1925,37.0
1926,37.0
1927,36.0
1928,36.0
1929,35.0
1930,36.0
1931,36.0
1932,35.0
1933,34.0
1934,34.0
1935,34.0
1936,35.0
1937,35.0
1938,35.0
1939,35.0
1940,35.0
1941,36.0
1942,36.0
1943,35.0
1944,36.0
1945,35.0
1946,35.0
1947,34.0
1948,34.0
1949,33.0
1950,33.0
1951,33.0
1952,32.0
1953,31.0
1954,31.0
1955,30.0
1956,30.0
1957,30.0
1958,30.0
1959,30.0
1960,28.999999999999996
1961,28.999999999999996
1962,28.999999999999996
1963,28.000000000000004
1964,28.000000000000004
1965,27.0
1966,28.000000000000004
1967,27.0
1968,27.0
1969,27.0
1970,27.0
1971,26.0
1972,26.0
1973,26.0
1974,25.0
1975,24.0
1976,23.0
1977,24.0
1978,23.0
1979,23.0
1980,23.0
1981,24.0
1982,24.0
1983,23.0
1984,24.0
1985,23.0
1986,24.0
1987,24.0
1988,24.0
1989,24.0
1990,24.0
1991,24.0
1992,25.0
1993,25.0
1994,25.0
1995,25.0
1996,26.0
1997,26.0
1998,26.0
1999,27.0
2000,27.0
2001,28.000000000000004
2002,28.000000000000004
2003,28.999999999999996
2004,28.000000000000004
2005,27.0
2006,27.0
2007,27.0
2008,27.0
2009,27.0
2010,28.000000000000004
2011,28.999999999999996
2012,28.999999999999996
2013,28.000000000000004
2014,28.999999999999996
2015,28.999999999999996
2016,28.999999999999996
2017,28.000000000000004
2018,28.000000000000004
2019,27.0
2020,27.0
2021,27.0
2022,28.000000000000004
2023,27.0
2024,27.0
2025,27.0
2026,28.000000000000004
2027,28.999999999999996
2028,28.999999999999996
2029,30.0
2030,28.999999999999996
2031,30.0
2032,31.0
2033,32.0
2034,32.0
2035,32.0
2036,32.0
2037,33.0
2038,33.0
2039,33.0
2040,33.0
2041,32.0
2042,33.0
2043,34.0
2044,33.0
2045,33.0
2046,32.0
2047,33.0
2048,33.0
2049,33.0
2050,34.0
2051,35.0
2052,36.0
2053,36.0
2054,36.0
2055,37.0
2056,38.0
2057,38.0
2058,38.0
2059,39.0
2060,40.0
2061,40.0
2062,41.0
2063,42.0
2064,42.0
2065,42.0
2066,41.0
2067,42.0
2068,43.0
2069,43.0
2070,42.0
2071,42.0
2072,41.0
2073,41.0
2074,41.0
2075,42.0
2076,43.0
2077,42.0
2078,43.0
2079,43.0
2080,43.0
2081,42.0
2082,42.0
2083,43.0
2084,43.0
2085,43.0
2086,43.0
2087,42.0
2088,42.0
2089,42.0
2090,43.0
2091,43.0
2092,42.0
2093,43.0
2094,43.0
2095,43.0
2096,43.0
2097,43.0
2098,44.0
2099,44.0
2100,44.0
2101,43.0
2102,44.0
2103,44.0
2104,44.0
2105,45.0
2106,44.0
2107,44.0
2108,45.0
2109,46.0
2110,46.0
2111,46.0
2112,47.0
2113,48.0
2114,48.0
2115,49.0
2116,49.0
2117,50.0
2118,51.0
2119,51.0
2120,51.0
2121,51.0
2122,51.0
2123,51.0
2124,50.0
2125,51.0
2126,51.0
2127,51.0
2128,50.0
2129,50.0
2130,50.0
2131,50.0
2132,50.0
2133,49.0
2134,49.0
2135,48.0
2136,48.0
2137,48.0
2138,48.0
2139,48.0
2140,48.0
2141,48.0
2142,47.0
2143,46.0
2144,46.0
2145,47.0
2146,47.0
2147,46.0
2148,45.0
2149,45.0
2150,44.0
2151,43.0
2152,42.0
2153,43.0
2154,44.0
2155,44.0
2156,43.0
2157,44.0
2158,44.0
2159,43.0
2160,43.0
2161,43.0
2162,43.0
2163,43.0
2164,44.0
2165,44.0
2166,44.0
2167,44.0
2168,44.0
2169,44.0
2170,44.0
2171,44.0
2172,45.0
2173,45.0
2174,46.0
2175,46.0
2176,46.0
2177,46.0
2178,46.0
2179,46.0
2180,47.0
2181,48.0
2182,49.0
2183,49.0
2184,49.0
2185,49.0
2186,49.0
2187,50.0
2188,51.0
2189,51.0
2190,51.0
2191,51.0
2192,51.0
2193,50.0
2194,50.0
2195,51.0
2196,51.0
2197,51.0
2198,51.0
2199,50.0
2200,51.0
2201,51.0
2202,50.0
2203,49.0
2204,49.0
2205,48.0
2206,48.0
2207,48.0
2208,47.0
2209,46.0
2210,45.0
2211,44.0
2212,43.0
2213,42.0
2214,41.0
2215,41.0
2216,42.0
2217,42.0
2218,41.0
2219,41.0
2220,42.0
2221,43.0
2222,42.0
2223,43.0
2224,44.0
2225,44.0
2226,43.0
2227,43.0
2228,43.0
2229,43.0
2230,44.0
2231,43.0
2232,42.0
2233,42.0
2234,43.0
2235,43.0
2236,43.0
2237,43.0
2238,43.0
2239,44.0
2240,44.0
2241,45.0
2242,46.0
2243,47.0
2244,48.0
2245,48.0
2246,48.0
2247,49.0
2248,50.0
2249,51.0
2250,52.0
2251,52.0
2252,53.0
2253,53.0
2254,53.0
2255,52.0
2256,53.0
2257,52.0
2258,53.0
2259,54.0
2260,53.0
2261,54.0
2262,54.0
2263,54.0
2264,54.0
2265,55.00000000000001
2266,56.00000000000001
2267,56.00000000000001
2268,56.00000000000001
2269,56.00000000000001
2270,56.99999999999999
2271,57.99999999999999
2272,57.99999999999999
2273,59.0
2274,57.99999999999999
2275,56.99999999999999
2276,56.99999999999999
2277,57.99999999999999
2278,57.99999999999999
2279,59.0
2280,59.0
2281,57.99999999999999
2282,56.99999999999999
2283,56.00000000000001
2284,56.00000000000001
2285,56.00000000000001
2286,55.00000000000001
2287,54.0
2288,54.0
2289,55.00000000000001
2290,55.00000000000001
2291,56.00000000000001
2292,56.99999999999999
2293,56.99999999999999
2294,57.99999999999999
2295,56.99999999999999
2296,56.00000000000001
2297,56.00000000000001
2298,55.00000000000001
2299,56.00000000000001
2300,56.00000000000001
2301,56.99999999999999
2302,57.99999999999999
2303,59.0
2304,60.0
2305,60.0
2306,61.0
2307,62.0
2308,63.0
2309,63.0
2310,63.0
2311,64.0
2312,65.0
2313,65.0
2314,66.0
2315,65.0
2316,64.0
2317,63.0
2318,64.0
2319,65.0
2320,64.0
2321,64.0
2322,64.0
2323,63.0
2324,62.0
2325,62.0
2326,63.0
2327,63.0
2328,64.0
2329,64.0
2330,64.0
2331,65.0
2332,66.0
2333,66.0
2334,65.0
2335,66.0
2336,65.0
2337,65.0
2338,66.0
2339,66.0
2340,67.0
2341,67.0
2342,66.0
2343,66.0
2344,66.0
2345,66.0
2346,66.0
2347,66.0
2348,66.0
2349,65.0
2350,65.0
2351,66.0
2352,65.0
2353,64.0
2354,63.0
2355,63.0
2356,62.0
2357,62.0
2358,61.0
2359,60.0
2360,60.0
2361,59.0
2362,57.99999999999999
2363,56.99999999999999
2364,56.99999999999999
2365,56.99999999999999
2366,56.99999999999999
2367,56.99999999999999
2368,56.00000000000001
2369,56.99999999999999
2370,56.99999999999999
2371,56.99999999999999
2372,56.99999999999999
2373,56.99999999999999
2374,57.99999999999999
2375,59.0
2376,59.0
2377,59.0
2378,59.0
2379,59.0
2380,59.0
2381,60.0
2382,60.0
2383,60.0
2384,60.0
2385,61.0
2386,61.0
2387,62.0
2388,62.0
2389,62.0
2390,62.0
2391,62.0
2392,62.0
2393,62.0
2394,62.0
2395,63.0
2396,64.0
2397,65.0
2398,66.0
2399,65.0
2400,65.0
2401,65.0
2402,64.0
2403,63.0
2404,63.0
2405,64.0
2406,63.0
2407,63.0
2408,63.0
2409,64.0
2410,64.0
2411,64.0
2412,64.0
2413,64.0
2414,64.0
2415,65.0
2416,65.0
2417,65.0
2418,64.0
2419,64.0
2420,65.0
2421,64.0
2422,65.0
2423,65.0
2424,66.0
2425,66.0
2426,66.0
2427,66.0
2428,66.0
2429,66.0
2430,66.0
2431,66.0
2432,66.0
2433,66.0
2434,67.0
2435,67.0
2436,67.0
2437,66.0
2438,66.0
2439,66.0
2440,65.0
2441,64.0
2442,65.0
2443,64.0
2444,63.0
2445,62.0
2446,62.0
2447,61.0
2448,61.0
2449,62.0
2450,62.0
2451,62.0
2452,63.0
2453,64.0
2454,65.0
2455,66.0
2456,67.0
2457,68.0
2458,69.0
2459,70.0
2460,71.0
2461,72.0
2462,73.0
2463,74.0
2464,73.0
2465,73.0
2466,73.0
2467,72.0
2468,72.0
2469,71.0
2470,70.0
2471,69.0
2472,68.0
2473,68.0
2474,67.0
2475,67.0
2476,66.0
2477,66.0
2478,66.0
2479,66.0
2480,66.0
2481,66.0
2482,66.0
2483,66.0
2484,65.0
2485,64.0
2486,65.0
2487,65.0
2488,65.0
2489,65.0
2490,65.0
2491,65.0
2492,64.0
2493,65.0
2494,65.0
2495,65.0
2496,65.0
2497,64.0
2498,63.0
2499,63.0
2500,62.0
2501,62.0
2502,63.0
2503,63.0
2504,63.0
2505,62.0
2506,63.0
2507,63.0
2508,63.0
2509,63.0
2510,64.0
2511,64.0
2512,64.0
2513,65.0
2514,65.0
2515,65.0
2516,66.0
2517,67.0
2518,68.0
2519,68.0
2520,68.0
2521,68.0
2522,67.0
2523,68.0
2524,68.0
2525,68.0
2526,68.0
2527,68.0
2528,68.0
2529,67.0
2530,66.0
2531,66.0
2532,65.0
2533,65.0
2534,65.0
2535,65.0
2536,65.0
2537,66.0
2538,66.0
2539,65.0
2540,66.0
2541,67.0
2542,67.0
2543,67.0
2544,67.0
2545,68.0
2546,69.0
2547,70.0
2548,70.0
2549,70.0
2550,70.0
2551,70.0
2552,70.0
2553,70.0
2554,70.0
2555,69.0
2556,68.0
2557,67.0
2558,67.0
2559,67.0
2560,67.0
2561,67.0
2562,67.0
2563,67.0
2564,67.0
2565,67.0
2566,66.0
2567,66.0
2568,66.0
2569,66.0
2570,66.0
2571,66.0
2572,66.0
2573,66.0
2574,67.0
2575,67.0
2576,68.0
2577,67.0
2578,67.0
2579,67.0
2580,67.0
2581,66.0
2582,67.0
2583,67.0
2584,68.0
2585,68.0
2586,68.0
2587,68.0
2588,68.0
2589,67.0
2590,67.0
2591,66.0
2592,67.0
2593,66.0
2594,66.0
2595,66.0
2596,65.0
2597,66.0
2598,67.0
2599,68.0
2600,69.0
2601,68.0
2602,68.0
2603,69.0
2604,69.0
2605,70.0
2606,69.0
2607,68.0
2608,68.0
2609,67.0
2610,66.0
2611,66.0
2612,66.0
2613,66.0
2614,66.0
2615,66.0
2616,66.0
2617,66.0
2618,65.0
2619,64.0
2620,64.0
2621,65.0
2622,66.0
2623,66.0
2624,65.0
2625,65.0
2626,65.0
2627,65.0
2628,65.0
2629,65.0
2630,65.0
2631,64.0
2632,64.0
2633,65.0
2634,64.0
2635,64.0
2636,65.0
2637,64.0
2638,63.0
2639,63.0
2640,63.0
2641,63.0
2642,62.0
2643,63.0
2644,64.0
2645,63.0
2646,63.0
2647,63.0
2648,63.0
2649,62.0
2650,61.0
2651,60.0
2652,60.0
2653,59.0
2654,57.99999999999999
2655,59.0
2656,60.0
2657,60.0
2658,60.0
2659,60.0
2660,59.0
2661,57.99999999999999
2662,56.99999999999999
2663,56.99999999999999
2664,56.99999999999999
2665,56.00000000000001
2666,56.00000000000001
2667,56.99999999999999
2668,57.99999999999999
2669,59.0
2670,60.0
2671,60.0
2672,60.0
2673,59.0
2674,57.99999999999999
2675,56.99999999999999
2676,56.99999999999999
2677,57.99999999999999
2678,56.99999999999999
2679,56.00000000000001
2680,56.00000000000001
2681,56.00000000000001
2682,55.00000000000001
2683,55.00000000000001
2684,54.0
2685,54.0
2686,53.0
2687,53.0
2688,52.0
2689,52.0
2690,51.0
2691,51.0
2692,50.0
2693,50.0
2694,49.0
2695,49.0
2696,49.0
2697,48.0
2698,47.0
2699,46.0
2700,46.0
2701,46.0
2702,45.0
2703,44.0
2704,44.0
2705,43.0
2706,43.0
2707,43.0
2708,42.0
2709,42.0
2710,42.0
2711,42.0
2712,41.0
2713,40.0
2714,40.0
2715,39.0
2716,38.0
2717,37.0
2718,37.0
2719,37.0
2720,36.0
2721,35.0
2722,34.0
2723,33.0
2724,33.0
2725,32.0
2726,31.0
2727,30.0
2728,28.999999999999996
2729,30.0
2730,30.0
2731,30.0
2732,30.0
2733,28.999999999999996
2734,30.0
2735,28.999999999999996
2736,28.000000000000004
2737,28.000000000000004
2738,28.000000000000004
2739,28.000000000000004
2740,27.0
2741,26.0
2742,26.0
2743,25.0
2744,24.0
